Customer_ID,Age,Annual_Income,Years_Experience,Education_Level,City,House_Price
CUST-1000,56.0,45743.084346456715,38.161081373136746,Bachelor,New York,396383.1013280305
CUST-1001,69.0,62128.60455383794,45.96981161634426, high school ,New York,523902.6181416151
CUST-1002,46.0,54900.455651582895,23.378284977579323,Bachelor,Los Angeles,412974.80375438696
CUST-1003,,90079.85977165378,8.484844282170767,PhD,UNKNOWN,441150.5510641943
CUST-1004,60.0,6980.603832139757,38.531960281786034,,Chicago,187869.70080307437
CUST-1005,25.0,81830.13703844923,4.932716748892669,High School,Houston,405855.8851541959
CUST-1006,38.0,84921.70384995258,18.974669033178202,MASTER,Los Angeles,455223.600447839
CUST-1007,56.0,18532.195351837014,34.84809795271495,Bachelor,Los Angeles,261318.38925327046
CUST-1008,36.0,53146.24811839302,14.360304953490312,bachelor,New York,348801.52379647177
CUST-1009,40.0,52571.18268008417,19.30351598449748,Bachelor,Phoenix,332212.14842506463
CUST-1010,28.0,31849.766105643575,5.329714196739954,High School,Houston,165642.42564608238
CUST-1011,28.0,44443.66624818249,11.179077443389547,High School,New York,277267.1594898735
CUST-1012,41.0,37788.483090683425,16.78467794576388,PhD,Los Angeles,303465.79486074636
CUST-1013,70.0,95045.40886847246,49.36948115779145,Bachelor,Los Angeles,
CUST-1014,53.0,,36.047212438459276,bachelor,Chicago,562358.5026562989
CUST-1015,57.0,85431.10189988317,36.01359968911999,Bachelor,UNKNOWN,598413.4127102924
CUST-1016,41.0,74433.4412808647,19.619921929997012,,Chicago,479162.37910779787
CUST-1017,20.0,,0.0,High School,Los Angeles,228847.34596224152
CUST-1018,39.0,49509.59467440453,17.639216636475183,Master,New York,389261.1740607363
CUST-1019,,69787.49122455835,51.74569694935306,High School,New York,565378.5001430954
CUST-1020,19.0,35557.44382216109,0.0,Master,New York,191247.78670167134
CUST-1021,41.0,74259.96860344776,23.06686740259265,Bachelor,New York,454459.50009209226
CUST-1022,61.0,55193.4920368373,37.15208569509971,High School,Chicago,451376.39236996224
CUST-1023,47.0,52503.58384900805,25.46669534153117,Master,Chicago,421488.04723603756
CUST-1024,55.0,74219.19936406983,33.141511159402675,Bachelor,New York,482285.5685182556
CUST-1025,19.0,68885.2662297208,0.0,High School,Houston,316957.4562296042
CUST-1026,38.0,52780.6766836184,13.803751296232505,Master,New York,
CUST-1027,50.0,83186.59606728496,29.924345332163885,PhD,Los Angeles,564613.6309718263
CUST-1028,29.0,38378.73344800205,12.048619246573704,Master,New York,243271.86708530335
CUST-1029,39.0,72318.71213888528,15.273651990814379,High School,Los Angeles,451115.21062544495
CUST-1030,61.0,71862.02515936768,40.37941233522079,High School,New York,544547.7462851177
CUST-1031,42.0,53809.07121372019,19.67603564440678,High School,Los Angeles,
CUST-1032,66.0,66522.66044484236,45.85177441238607,Bachelor,Los Angeles,537770.0350846183
CUST-1033,44.0,,23.038295554831503,High School,N/A,318155.4676366318
CUST-1034,59.0,78480.54038413802,36.71702618191138,PhD,New York,
CUST-1035,45.0,56301.95727114022,24.975744569742147,PhD,New York,410738.5203055441
CUST-1036,33.0,49545.539589619206,15.608696219573487,Master,New York,320514.22095687804
CUST-1037,,80980.18451673779,10.618192416545403,bachelor,Chicago,462326.5822054808
CUST-1038,64.0,45913.126189144816,44.43951588429636,High School,New York,426795.59404894366
CUST-1039,68.0,31830.774072728807,44.41345408425767,Bachelor,Houston,438178.0382181709
CUST-1040,61.0,28867.416529521925,38.087127246363984,Master,Los Angeles,340166.53206434014
CUST-1041,72.0,72120.1990269128,51.944812555760755,bachelor,Los Angeles,
CUST-1042,69.0,34391.41295007434,50.96823205707193,Bachelor,Chicago,390273.8293210494
CUST-1043,74.0,95095.8836396873,53.71122669757132, high school ,New York,11999981.330771765
CUST-1044,20.0,18361.411842325557,0.0,PhD,New York,134306.03861115847
CUST-1045,54.0,,32.998582810846706,PhD,Los Angeles,590242.9622932912
CUST-1046,68.0,,44.49918453206057,Bachelor,Chicago,538900.409272478
CUST-1047,24.0,58065.73776259215,4.209030652710734,Bachelor,New York,272209.0126844755
CUST-1048,,49101.618263821,18.76466612464682,MASTER,New York,338875.5449379639
CUST-1049,,67982.72228704141,4.095819334333839,Bachelor,N/A,368528.6170966052
CUST-1050,56.0,59247.30595150303,34.059915704481,,New York,495475.8691341872
CUST-1051,,82066.03764033043,-999.0,Master,Houston,446121.9686911819
CUST-1052,21.0,62284.552973240796,0.0,Bachelor,Houston,279821.6726595255
CUST-1053,,63006.035229237554,20.867734770748356,Bachelor,New York,386744.66382068803
CUST-1054,31.0,52727.75575572289,14.199443578333032,Master,New York,292959.01912787906
CUST-1055,67.0,58861.08752557865,45.505948598508006, high school ,New York,535309.1736046026
CUST-1056,26.0,66156.03537784118,4.283319695957555,Master,Chicago,388268.1006637589
CUST-1057,43.0,25796.632146867487,20.704916388729682,Master,Chicago,250705.00827581345
CUST-1058,70.0,,50.488383942999874,Bachelor,Houston,
CUST-1059,19.0,74865.2818804543,0.0,Master,?,368742.72797655023
CUST-1060,,63417.30876255884,14.701253923357148,Master,Chicago,6311019.325158408
CUST-1061,45.0,56320.33327294642,26.642608064546025,,New York,392543.38344555296
CUST-1062,64.0,60368.678661307866,45.83920600902727,Master,New York,497416.8972185281
CUST-1063,24.0,66951.63410723342,1.7991528685225897,Master,Houston,303984.77318039234
CUST-1064,61.0,49204.806393812774,36.26692009727877,Bachelor,New York,428328.7581541773
CUST-1065,25.0,,6.015027379673844, high school ,New York,
CUST-1066,64.0,63916.90510195363,41.63074034847999,Bachelor,Chicago,527152.3121061781
CUST-1067,52.0,40432.54444769936,32.58125119832554,Bachelor,Los Angeles,360028.29102058895
CUST-1068,31.0,,6.059792364576329,PhD,UNKNOWN,367354.53256880416
CUST-1069,34.0,,14.785194676598618,,Chicago,190343.23389819948
CUST-1070,53.0,80583.11274651287,29.57765614143844,,New York,532660.8067041672
CUST-1071,67.0,,47.46152823813305,Master,UNKNOWN,573874.2889019771
CUST-1072,57.0,65120.594686277516,36.02854613567287,High School,New York,
CUST-1073,21.0,79653.81967891028,0.0,Bachelor,Los Angeles,392129.03239711473
CUST-1074,19.0,93309.48888925153,0.0,High School,Los Angeles,454218.773789869
CUST-1075,,80287.4013003626,3.372636913913402,PhD,New York,387959.5970029153
CUST-1076,71.0,23182.515373367096,50.21178890623047,Master,Los Angeles,346760.2782761433
CUST-1077,59.0,34408.460665285966,39.16882596094497,Master,New York,366609.8220957771
CUST-1078,21.0,47503.628446086426,3.952881169030971,Bachelor,Los Angeles,228789.44605716623
CUST-1079,71.0,60521.821004216676,46.8715167765779,High School,Los Angeles,528210.8377299436
CUST-1080,,70353.18040938246,28.23442514993725,Master,Houston,447908.72795055277
CUST-1081,35.0,45485.12373693069,14.208711875046426,Bachelor,Houston,326380.5347671578
CUST-1082,43.0,63735.33528954157,20.202431903353745,Master,New York,470361.99814770574
CUST-1083,61.0,44892.34135293355,37.339372748522024,,Los Angeles,384014.7342912216
CUST-1084,51.0,47769.64394016103,29.621759218445934,Master,Los Angeles,393683.87194542936
CUST-1085,27.0,31866.778063035556,7.843300223848919,,New York,189261.85433315628
CUST-1086,53.0,41535.335077781914,31.744901759244932,Bachelor,Houston,387667.56747269817
CUST-1087,31.0,32966.30788767333,13.022309860494694,Bachelor,Chicago,
CUST-1088,48.0,40482.53494045335,24.097648619896884,Bachelor,New York,
CUST-1089,65.0,81072.8359321568,43.97582210430789,Master,Los Angeles,
CUST-1090,32.0,41012.02222336114,8.495213111173761,Bachelor,New York,252865.1246111872
CUST-1091,,112647.64129674781,4.727263765249936,Bachelor,Chicago,532820.5452524323
CUST-1092,31.0,69866.35801761778,11.7737747801946,MASTER,New York,416778.6971922577
CUST-1093,40.0,,18.158476412637892,High School,N/A,380186.1715094627
CUST-1094,74.0,42832.84439637573,47.79157228674573,High School,Houston,460921.6231272237
CUST-1095,57.0,74006.19758817983,36.397896293592986,Bachelor,Los Angeles,519119.1273210299
CUST-1096,38.0,48487.24347524452,17.873477103467017,Bachelor,Chicago,325951.2176540298
CUST-1097,33.0,62440.19629290723,12.808589509923396,Bachelor,UNKNOWN,372600.549532856
CUST-1098,62.0,111201.69076537588,43.471564383644306,High School,Chicago,704776.6848036532
CUST-1099,35.0,58078.802005507,11.857892640701902,,New York,354687.4647854094
CUST-1100,64.0,82985.46652571352,44.360432210900896,Master,Los Angeles,640774.2601072738
CUST-1101,,,51.38501502495595,Bachelor,Houston,446416.79716772016
CUST-1102,,59300.23019006076,16.442824831986968,Master,Chicago,
CUST-1103,-43.0,95416.0127127102,22.639303651837956,,Chicago,599242.4089999043
CUST-1104,,47460.65884424465,19.991640337984656,Master,Phoenix,316144.0110873538
CUST-1105,62.0,96248.97115993858,40.83695465379671,PhD,Phoenix,612254.8690538498
CUST-1106,58.0,74155.0387091095,37.69535296707667,High School,UNKNOWN,541332.755596517
CUST-1107,,48750.66448211465,24.025542871772895,Bachelor,New York,346769.4307156628
CUST-1108,32.0,72648.15478111042,9.648583841676777,Bachelor,Los Angeles,450577.5285191024
CUST-1109,62.0,79451.0889925346,41.06830483497605, high school ,Chicago,574605.0034838297
CUST-1110,18.0,72436.19924434392,0.0,Bachelor,Houston,332907.9113986682
CUST-1111,,28595.50560219087,18.82834974222963,Bachelor,Chicago,219485.83666125505
CUST-1112,24.0,45457.25648350263,4.358746565913007,Bachelor,New York,280881.5178507716
CUST-1113,26.0,55049.6272889699,2.702411929682688,Bachelor,Houston,
CUST-1114,41.0,,21.332625001818425,Master,Chicago,389894.5863729618
CUST-1115,,72413.44195101356,0.0,High School,New York,376755.55740737304
CUST-1116,61.0,63554.020018665076,36.548386542418804,Bachelor,Los Angeles,475031.7909129785
CUST-1117,25.0,33293.11282579797,2.64487069532869,Master,New York,3201752.6553573804
CUST-1118,41.0,67603.95702011927,22.388218806094745,PhD,Los Angeles,432468.25276325794
CUST-1119,,72211.71490567646,5.037668937720637,Master,New York,399148.83667660825
CUST-1120,68.0,71195.8089586208,46.07119147538123,bachelor,Los Angeles,575363.3231276954
CUST-1121,34.0,81615.61451109244,13.924121786503793,bachelor,Los Angeles,454539.7873780567
CUST-1122,25.0,76678.44309097808,5.566781018565191,Bachelor,Chicago,400844.5635025099
CUST-1123,52.0,69183.60158456874,30.496922227911007,High School,Chicago,471522.49852620513
CUST-1124,52.0,58596.68577082706,29.804979610616716,Master,Houston,394159.7146275858
CUST-1125,50.0,26780.78132968017,31.844739723397016, high school ,New York,297487.75658870506
CUST-1126,22.0,68592.36438265172,4.477799327595157,Master,New York,402403.83172554494
CUST-1127,59.0,64153.75374326222,39.95771610156359, high school ,Phoenix,474972.0616320942
CUST-1128,56.0,65431.57674390747,35.17063628513005,High School,New York,464628.2614629062
CUST-1129,58.0,34465.02848359381,35.38346855671815,Bachelor,N/A,326474.839555233
CUST-1130,45.0,38378.869191834754,22.339111186886868,Master,Houston,325337.03939199506
CUST-1131,24.0,81063.05706665808,4.045028210531515, high school ,Los Angeles,424130.9777864669
CUST-1132,26.0,59208.8969228669,5.836796441777367,bachelor,N/A,
CUST-1133,25.0,73630.01394745249,6.803197185892859,Bachelor,New York,366294.1777802407
CUST-1134,29.0,60566.367522609224,9.300900185072278,High School,Los Angeles,346260.77419795643
CUST-1135,51.0,60595.1227899149,26.993839396480364,Bachelor,Chicago,391044.017560663
CUST-1136,50.0,78765.67611951995,31.103895235445837,Bachelor,Los Angeles,526342.8924156147
CUST-1137,65.0,,42.003878745371175,Master,?,468855.7203487482
CUST-1138,72.0,61922.41553881967,50.2320574560953,Bachelor,New York,506067.0638771325
CUST-1139,40.0,50754.49422589915,-999.0,High School,Los Angeles,
CUST-1140,,51310.07545135369,23.991334979567927,Bachelor,Chicago,403855.2917621669
CUST-1141,54.0,53816.557530627215,39.21983711201072,High School,Chicago,425540.0292362401
CUST-1142,52.0,,32.213446118272365,Bachelor,New York,493031.0739504468
CUST-1143,61.0,,39.633606762559225,Bachelor,Los Angeles,433463.502708019
CUST-1144,57.0,85115.12251147041,37.0690112969611,Bachelor,Houston,575676.214768967
CUST-1145,39.0,,19.775310851747673,Bachelor,New York,318271.5928429038
CUST-1146,44.0,56262.56711677282,22.358664748885616,Bachelor,Houston,364157.5748534735
CUST-1147,52.0,51205.3788345165,34.590422711824644,Bachelor,Chicago,
CUST-1148,18.0,88939.55768707466,0.0,Master,Houston,417690.7742212336
CUST-1149,52.0,63931.09553023149,31.995486178182787,Bachelor,Chicago,428664.0523354643
CUST-1150,54.0,80636.8907893727,34.331848504108926,Master,?,555298.605932664
CUST-1151,64.0,30288.79253926056,43.84317322122891,Master,Chicago,357246.3909184114
CUST-1152,31.0,65341.00531738518,11.677881000939225,bachelor,Phoenix,371642.5462199333
CUST-1153,20.0,77792.61591246874,0.0,MASTER,Los Angeles,
CUST-1154,18.0,61645.67978550848,0.0,Master,N/A,344190.5682288583
CUST-1155,22.0,81309.60750130702,0.0,Bachelor,?,420811.0884155345
CUST-1156,43.0,49654.230997992556,22.879002461240454,Bachelor,New York,380684.9439789873
CUST-1157,72.0,,52.55787300702423, high school ,Los Angeles,654878.7710767328
CUST-1158,31.0,105977.962472385,10.915545732303771,Bachelor,N/A,512917.8960850583
CUST-1159,56.0,52743.22879120682,38.348984866695076,Bachelor,Los Angeles,485214.41872275365
CUST-1160,44.0,51089.949571984565,22.988807962341905,Bachelor,Phoenix,363343.7592608095
CUST-1161,26.0,89067.68954235403,6.337483311185025,Bachelor,Phoenix,440097.0579736469
CUST-1162,32.0,91591.44291461425,8.816598247721371,Bachelor,Los Angeles,
CUST-1163,32.0,49542.799456934634,10.225800595051197,High School,New York,330798.01904144185
CUST-1164,43.0,51596.263658082855,23.391075515131554,Bachelor,Chicago,366280.14910463087
CUST-1165,59.0,54364.30782278986,39.698204221486286,PhD,Los Angeles,484198.3770654976
CUST-1166,30.0,33110.98977931446,8.412066104671636,Bachelor,Houston,246310.6507838517
CUST-1167,,41626.961070316036,46.856801496283865,Bachelor,Los Angeles,402982.1996202223
CUST-1168,49.0,39917.184664958644,24.96425250663838,MASTER,Los Angeles,311175.3358707421
CUST-1169,,44644.04869791743,34.285941598386785,Bachelor,Houston,
CUST-1170,66.0,59306.30225226437,46.78076632703957,,Los Angeles,438405.3450210474
CUST-1171,69.0,64684.294650730415,49.15041003221313,Master,Los Angeles,538294.1636958015
CUST-1172,49.0,91010.00985628154,29.00133144276242,Bachelor,Los Angeles,534278.2586409374
CUST-1173,21.0,,0.09954737436192015, high school ,Los Angeles,200032.93342075645
CUST-1174,47.0,79686.44796953167,26.014126317256352,Bachelor,Los Angeles,499660.8925889315
CUST-1175,54.0,55720.22311548982,31.679357721053105,bachelor,Houston,417822.9677351758
CUST-1176,40.0,59010.72580695134,20.39765684040507,Bachelor,Los Angeles,372934.7053496811
CUST-1177,56.0,73496.38984333207,35.84194588877878,bachelor,Los Angeles,494831.0007206103
CUST-1178,62.0,37545.559568754026,41.9840376959856,Bachelor,Chicago,
CUST-1179,32.0,67648.19492368102,9.94793031466484,Master,New York,428947.2182045929
CUST-1180,60.0,63329.04416426112,34.693314160257515,High School,New York,450008.9957135405
CUST-1181,,,27.19430542350739,MASTER,UNKNOWN,504456.44881384476
CUST-1182,53.0,65783.37287815637,31.04232508798319,MASTER,Chicago,458665.51595383196
CUST-1183,30.0,109106.00279821789,7.274448471913759,High School,Chicago,561030.0448410145
CUST-1184,49.0,47245.200314973685,29.386957823827988,bachelor,Chicago,372682.42589144263
CUST-1185,24.0,49380.060899963646,2.215974720161741,Bachelor,New York,4096751.785717245
CUST-1186,68.0,47537.18947150471,49.119872768093245,Bachelor,Chicago,
CUST-1187,39.0,48890.457616794905,19.234011899153394,Bachelor,Los Angeles,339356.2582374537
CUST-1188,45.0,47252.25745386965,25.367138646400957,,Los Angeles,
CUST-1189,19.0,83780.33062215103,0.0,Master,Los Angeles,372896.7517046678
CUST-1190,,88410.0849597971,40.4238879707728,Master,New York,585277.1708884273
CUST-1191,62.0,48585.07412501048,41.52250106246771,Bachelor,New York,395165.8338598978
CUST-1192,74.0,43352.88853791542,52.26144572150759,PhD,N/A,463177.92429552146
CUST-1193,70.0,69428.31112772808,49.286776934684504,,Los Angeles,535371.09107172
CUST-1194,,48955.539114380575,0.0,,Los Angeles,248160.91320174906
CUST-1195,45.0,72658.63635511021,24.817305622961342,Master,New York,503168.3268071392
CUST-1196,45.0,64058.46041702599,21.941256983635856,High School,New York,451569.3321505642
CUST-1197,61.0,,37.29465942831293,High School,Chicago,336160.0855826225
CUST-1198,61.0,90950.10402660123,36.95528162756422,PhD,Los Angeles,609464.1948488194
CUST-1199,37.0,,18.22537674997985,Bachelor,Los Angeles,588801.9845640616
CUST-1200,47.0,47744.22619031228,24.741473212614423,Master,New York,372592.34050321626
CUST-1201,,52245.968801280316,10.067455419833,Bachelor,Chicago,299114.06436834735
CUST-1202,72.0,65717.3078144981,49.928397073895404,Master,New York,517862.6234589163
CUST-1203,45.0,66689.1357997405,20.585284084814106,Master,New York,439203.7938073931
CUST-1204,,,18.766951120102682,Bachelor,Los Angeles,469302.9322154343
CUST-1205,56.0,100204.090775327,37.47162324001388,Bachelor,New York,631541.9900961721
CUST-1206,50.0,56461.05545011901,28.688203644126666, high school ,New York,422419.4293363664
CUST-1207,18.0,44034.055109230925,0.0, high school ,Chicago,216063.91561866342
CUST-1208,74.0,32413.615439709454,53.320036451705576,Master,Chicago,412220.56885383424
CUST-1209,44.0,45381.39920116162,24.00356547233509,Bachelor,Houston,280031.4413831743
CUST-1210,74.0,59337.46054252406,55.23479763180492,Bachelor,Los Angeles,538178.4302438695
CUST-1211,,95891.15727035576,50.896998459785856,Master,New York,711935.4356561599
CUST-1212,30.0,49647.77401927657,8.280462708421828,MASTER,New York,277471.3073228461
CUST-1213,58.0,64475.75903277797,34.34790462783592,Bachelor,N/A,481497.7887363915
CUST-1214,20.0,59671.54207854496,0.0,High School,Chicago,279623.17168615427
CUST-1215,56.0,83767.86546896168,35.520561013165775,Bachelor,Chicago,576528.1195571442
CUST-1216,23.0,110538.64851747244,0.07248214757877824, high school ,New York,526728.2848329579
CUST-1217,25.0,49382.624541593585,2.0856981702099144,Master,Los Angeles,242497.86643075067
CUST-1218,44.0,50211.21114963556,23.687575763099773,High School,New York,396326.9641542875
CUST-1219,26.0,80883.21754138144,4.902695296859098,Bachelor,Chicago,440905.86516509915
CUST-1220,54.0,73637.82979252623,33.065593990823174,PhD,UNKNOWN,496444.3469406332
CUST-1221,50.0,96934.14651472066,27.48300933059986,,N/A,606097.395043487
CUST-1222,68.0,71678.56370651929,46.539198571588464,Bachelor,Los Angeles,
CUST-1223,59.0,52814.158184258806,36.151533711463394,MASTER,Los Angeles,
CUST-1224,61.0,71813.09661384618,41.78039682224957,MASTER,UNKNOWN,497643.7278291795
CUST-1225,41.0,82174.07161165815,22.070498669447506,bachelor,Chicago,522659.98178661993
CUST-1226,32.0,,7.307624275523812,PhD,New York,399523.79506119096
CUST-1227,71.0,70145.48062214596,48.14097827961518,High School,Los Angeles,557631.8993024707
CUST-1228,49.0,81333.49379178308,25.00694148981984,Bachelor,New York,580468.5903389885
CUST-1229,49.0,83385.91180891346,26.699952131186205,,Los Angeles,536383.2940516945
CUST-1230,41.0,,19.83312406041928,Bachelor,Los Angeles,
CUST-1231,,72974.19775179285,34.10070956060294,PhD,Chicago,462553.659245979
CUST-1232,69.0,56657.63839366291,46.156280373749375,Master,Los Angeles,531672.3172413901
CUST-1233,66.0,62934.273728666456,42.992085255837004,Bachelor,New York,
CUST-1234,66.0,84130.17933016713,45.41453465879789,Master,Los Angeles,588743.4383746582
CUST-1235,69.0,43661.28658025528,48.1386886740725,High School,Houston,436108.04815617006
CUST-1236,,67373.46617745803,6.556524893325493,Master,Chicago,401760.46727104497
CUST-1237,56.0,52133.22375345279,35.3536417442788,Bachelor,Los Angeles,443991.43179001793
CUST-1238,19.0,60574.89645869635,0.0,Bachelor,UNKNOWN,297141.0963181271
CUST-1239,20.0,,0.0,,UNKNOWN,422767.9692256274
CUST-1240,66.0,63821.981360398066,48.34690418059707,Bachelor,New York,516229.98634180485
CUST-1241,54.0,,35.6809221035807,PhD,New York,465713.3978839293
CUST-1242,66.0,32802.877180401614,42.400837526144805,PhD,Chicago,375648.8785096951
CUST-1243,73.0,74925.07132054442,53.65946483575835,PhD,Houston,631860.4628417587
CUST-1244,34.0,72909.68362282151,14.622793108983185,Master,N/A,447141.40869062004
CUST-1245,66.0,103265.0944661092,42.70347342249477,High School,?,704152.7799201168
CUST-1246,19.0,,0.0,Bachelor,Chicago,261741.2699155774
CUST-1247,19.0,64383.00655327878,1.0758638368251057,Master,Los Angeles,339996.678359983
CUST-1248,,,21.754910387511174,High School,New York,422910.0510414253
CUST-1249,71.0,91549.0655952695,48.16499435797147,Bachelor,New York,635917.9190347987
CUST-1250,40.0,58094.089352260955,21.035322933687006,Bachelor,Los Angeles,374447.1760884619
CUST-1251,54.0,65580.43051540678,33.5429906216513,bachelor,Chicago,478854.0837788925
CUST-1252,49.0,72157.93019433078,29.102952550479046,Bachelor,Chicago,508274.9381175442
CUST-1253,50.0,63732.18246312716,-999.0,PhD,Chicago,446250.1520785464
CUST-1254,18.0,51071.32770898943,0.0,Bachelor,New York,
CUST-1255,36.0,63881.79985796615,12.347055743377833,PhD,Chicago,379927.80867340165
CUST-1256,19.0,81472.63499719545,0.0946354132428966,Bachelor,New York,398247.164728522
CUST-1257,70.0,39469.694011778796,51.33917998485555,Bachelor,Los Angeles,441277.1037301401
CUST-1258,61.0,62659.39348293752,39.541218511863946,PhD,Houston,515087.7141076714
CUST-1259,43.0,45997.583701216536,21.913046100372274,Bachelor,Chicago,362701.3459588387
CUST-1260,49.0,83900.93257849685,24.937784994888556,Master,N/A,
CUST-1261,-23.0,29536.261904324507,3.0285095120356695,Bachelor,New York,161095.12065434371
CUST-1262,49.0,48821.563054568236,29.144114883428287,Bachelor,Los Angeles,354624.4106219551
CUST-1263,72.0,,50.87561796600138,Bachelor,Los Angeles,582046.3144108229
CUST-1264,21.0,91310.48058468681,2.2487067197410053,Bachelor,Los Angeles,485363.78549875657
CUST-1265,72.0,58684.99477854025,50.33184553804012,MASTER,Phoenix,515200.96491982834
CUST-1266,28.0,48896.009466136034,8.1292118517872,,Chicago,280383.9140348489
CUST-1267,,97623.14138881181,49.96067132261577,Master,Phoenix,735355.7141399749
CUST-1268,34.0,31039.72199167512,12.952895698251524,Bachelor,New York,242176.38238766778
CUST-1269,55.0,16023.88086759836,33.65129148419433,,Phoenix,266467.230976802
CUST-1270,41.0,68800.28900106665,20.450615844081884,MASTER,New York,402680.2353877025
CUST-1271,22.0,49958.91551294777,0.26094614233328284,Bachelor,Phoenix,275566.1599672503
CUST-1272,69.0,,47.737054808656666, high school ,Los Angeles,401571.8023714619
CUST-1273,51.0,,31.65209434288301,Bachelor,Los Angeles,476857.8586372169
CUST-1274,23.0,64876.01427542398,1.126471525523565,High School,Los Angeles,321152.1893968108
CUST-1275,39.0,48718.42738526543,14.786845798522641,Master,UNKNOWN,307448.64254304505
CUST-1276,28.0,34393.91202658211,10.499167808410842,bachelor,New York,
CUST-1277,65.0,77449.14656560289,46.76290815738097,Master,Los Angeles,550285.343154233
CUST-1278,33.0,73004.02355917322,9.415474609788763,Master,Phoenix,430234.9375073376
CUST-1279,50.0,58016.482724412344,30.37941561049039,Bachelor,Los Angeles,455404.57645423745
CUST-1280,26.0,,3.9940504588973136,Bachelor,New York,
CUST-1281,23.0,38598.304673476945,2.5269744306621194,MASTER,Los Angeles,240234.73946429638
CUST-1282,33.0,29489.496581505224,12.588448258026988,Bachelor,Los Angeles,199704.8636453138
CUST-1283,46.0,,-999.0,Master,UNKNOWN,
CUST-1284,20.0,59088.27967289004,0.0,High School,Houston,4852575.555141313
CUST-1285,,64866.78898645384,14.618917895367481,Bachelor,Los Angeles,391976.6932271697
CUST-1286,53.0,,30.167616169037515, high school ,N/A,413664.1620645124
CUST-1287,36.0,,13.33635558353911,High School,Los Angeles,425997.2825427413
CUST-1288,,34969.21151619112,21.86564341990129,Master,New York,256468.68176943823
CUST-1289,20.0,88875.29208146519,0.0,bachelor,New York,445134.82283496857
CUST-1290,36.0,58356.97643214862,16.36410413142524,Bachelor,Los Angeles,393231.96046118333
CUST-1291,37.0,82345.91663176255,18.974492310671856,Bachelor,New York,500888.6037884573
CUST-1292,,66854.50692755409,26.839893517259913,Master,UNKNOWN,512982.4345838586
CUST-1293,24.0,69135.06438307567,3.478809001070754,Bachelor,Houston,
CUST-1294,69.0,71395.34560464408,48.99937022060587,High School,New York,595709.7864475542
CUST-1295,58.0,68954.1712003463,37.94400454183855,MASTER,Chicago,508473.5181435385
CUST-1296,50.0,72854.45519735088,29.151910535832176,Master,Chicago,521135.93190439214
CUST-1297,57.0,86583.05060264863,37.48536483671945,Bachelor,UNKNOWN,587387.597329043
CUST-1298,56.0,63930.4233940294,35.96449790536131, high school ,Phoenix,469883.5044426545
CUST-1299,,74180.07515177024,11.524675155345404,Master,Los Angeles,453536.16874579305
CUST-1300,57.0,58205.28611425547,37.738312128778546,Master,Houston,448349.675425012
CUST-1301,,88802.34430898946,0.0,Master,Chicago,391292.40541793866
CUST-1302,28.0,46472.153958814604,5.473427791642837,MASTER,Chicago,254623.80411024854
CUST-1303,45.0,96018.80865821632,24.075875670895204,,New York,587288.0896393724
CUST-1304,,59196.84098711313,54.36665798562214,High School,New York,575286.7271885527
CUST-1305,42.0,,20.58137236084128,High School,Los Angeles,268752.5922743123
CUST-1306,67.0,62562.088298215785,48.14595609553202,Bachelor,New York,559422.1923094178
CUST-1307,40.0,,23.727744989238722,Master,New York,305934.2127580371
CUST-1308,48.0,76812.87097977448,25.428027934730036,High School,Chicago,482860.4165927277
CUST-1309,47.0,46947.52041395218,23.23791079369245,Master,New York,344263.19631500967
CUST-1310,59.0,51076.33133570441,38.607637191209754,High School,Chicago,431302.4168974861
CUST-1311,52.0,,32.44312501025229,MASTER,Los Angeles,277373.06895191397
CUST-1312,24.0,50953.87361501846,2.538267252310462,PhD,N/A,290180.0069593193
CUST-1313,33.0,11522.413467420869,14.906521326642068,High School,Los Angeles,134950.25362905787
CUST-1314,,28321.943530285535,19.322788400553502,High School,New York,253392.82826177354
CUST-1315,65.0,75208.29312288595,45.385837246063225,High School,Chicago,570966.7585330752
CUST-1316,74.0,75716.00317301665,51.788278358482216,Master,Houston,
CUST-1317,69.0,68509.15123569929,51.43875581241459,Bachelor,N/A,563265.7807708548
CUST-1318,66.0,,48.98503070633624,Master,Los Angeles,425335.7509899516
CUST-1319,19.0,59045.7728771604,0.0,PhD,Los Angeles,290078.96382214566
CUST-1320,18.0,59927.94921818863,0.0,Master,UNKNOWN,297469.7578963851
CUST-1321,65.0,36832.70621614915,45.719175773959606,,New York,402296.54380988464
CUST-1322,29.0,90067.96603534301,7.225738700420971,Master,Chicago,459675.68378262315
CUST-1323,22.0,,0.9091775641355235,PhD,Los Angeles,416508.00719349855
CUST-1324,54.0,55580.71652340672,33.05077684108482,,New York,401028.53914850927
CUST-1325,,60537.716779890616,24.160653687604686,High School,Los Angeles,400377.4338605744
CUST-1326,72.0,64167.65615895105,50.97232450781153,Master,New York,
CUST-1327,26.0,19165.30263151419,3.6205444518716523,Bachelor,Chicago,110155.71132269807
CUST-1328,58.0,55056.452349588064,36.013754355200454,Bachelor,UNKNOWN,408951.4317710037
CUST-1329,52.0,46360.31504004403,33.88726400693763,High School,New York,406645.1283260414
CUST-1330,36.0,39967.599802101686,12.486986211441486,Master,Houston,219387.1613994352
CUST-1331,65.0,54377.994142280906,45.62641037349596,Bachelor,New York,473198.35701144097
CUST-1332,33.0,95953.73053699045,11.442074139336382, high school ,Los Angeles,569263.6329613783
CUST-1333,20.0,,0.0,High School,New York,319052.45946019585
CUST-1334,37.0,48576.42020434406,-999.0, high school ,UNKNOWN,277287.01015239075
CUST-1335,,71451.65562712317,20.680102589137782,Master,Houston,407593.2280405251
CUST-1336,71.0,,51.14122599443906,Master,Chicago,678324.656484732
CUST-1337,-73.0,78492.67365825537,53.93636932106572,bachelor,Houston,652645.5574249917
CUST-1338,50.0,61192.60739840348,28.337383233633354,Master,Chicago,422564.16306925303
CUST-1339,41.0,47061.26444588852,18.7755265309845,High School,N/A,346682.5796994786
CUST-1340,69.0,73964.46627227179,45.829698946884406,Bachelor,Chicago,608585.578253676
CUST-1341,28.0,,5.34917894004209,Master,UNKNOWN,408144.88186882937
CUST-1342,66.0,77903.86440055465,50.89818885061745,Bachelor,Los Angeles,596103.5743248521
CUST-1343,25.0,72703.43603363939,6.4893591614735735,,New York,326596.7466940483
CUST-1344,53.0,80991.05430638671,29.297851267583958,Bachelor,Los Angeles,511331.32512124995
CUST-1345,55.0,49295.29576878864,31.35508408651286,Bachelor,New York,387723.978345706
CUST-1346,57.0,86347.88131268651,36.963732123436984, high school ,Chicago,578483.1923629405
CUST-1347,37.0,63951.99209384799,17.094529594755933,Bachelor,Los Angeles,389871.0681813657
CUST-1348,52.0,101505.21745250531,32.09776767063473,PhD,Chicago,659039.1464964449
CUST-1349,65.0,46216.243638208645,43.490088412892604,High School,New York,467804.0722778063
CUST-1350,42.0,94719.27606330498,20.7490914799942,,New York,547192.1753767354
CUST-1351,52.0,63958.21566925295,31.655759048318714,Bachelor,Los Angeles,488241.3695578899
CUST-1352,42.0,46971.63992771103,21.17178601258666,,N/A,346829.27187823685
CUST-1353,46.0,50322.28331891357,20.56139925450493,PhD,Los Angeles,358747.1220201902
CUST-1354,35.0,,13.540400738849613,High School,Los Angeles,356953.5484068091
CUST-1355,63.0,68483.31892803832,40.297187131479376,,Chicago,525372.7977765586
CUST-1356,35.0,,14.350422837817025, high school ,Chicago,464051.7418640901
CUST-1357,19.0,48525.99992122842,3.97051800520682,Master,New York,222818.27449128433
CUST-1358,71.0,59512.90815478034,50.73496333094861,Bachelor,Los Angeles,
CUST-1359,52.0,102845.40717223728,30.372940627655204,PhD,New York,628760.1817341845
CUST-1360,33.0,94550.86340201422,13.843603003954504,Bachelor,N/A,527496.0115823773
CUST-1361,,,37.965375774418426,bachelor,New York,541864.2697714954
CUST-1362,53.0,60760.069563364006,32.84018898090368,Bachelor,Los Angeles,
CUST-1363,50.0,,30.213701186431344,Bachelor,New York,6777566.894626508
CUST-1364,21.0,72270.35945460833,4.113087129659083,High School,New York,390118.7263460898
CUST-1365,50.0,,26.738223129348167,Master,Houston,352037.3076737371
CUST-1366,31.0,54852.4692515331,10.947264153622909,Master,New York,277631.4376082825
CUST-1367,38.0,,15.147237740036923,Master,New York,222174.04322935775
CUST-1368,65.0,67984.46245210558,45.111025292684495,bachelor,Los Angeles,499009.6111455212
CUST-1369,37.0,,14.162626977027811,Bachelor,New York,409619.23806677846
CUST-1370,73.0,50336.27075401252,51.16526637278983,bachelor,New York,466938.79433735576
CUST-1371,25.0,91479.73526580066,3.4098201715241876,Bachelor,Houston,479619.88666672516
CUST-1372,24.0,35484.68673995318,4.951633438689418,High School,Houston,213456.74500016216
CUST-1373,20.0,30712.502395803596,0.8369088878848276,High School,UNKNOWN,138577.21242586998
CUST-1374,34.0,64489.03637119944,10.508565247107231,Bachelor,Phoenix,
CUST-1375,50.0,80941.9660522431,29.109868221999697,Master,Chicago,490723.3063028827
CUST-1376,65.0,93678.55382915738,42.580840290501655,Bachelor,New York,
CUST-1377,29.0,50822.3147426212,5.482990178649331,High School,Houston,268299.12014545454
CUST-1378,68.0,81573.61666862591,46.56596589915126,,Houston,599637.2456430073
CUST-1379,39.0,59229.83060998585,17.38303442308836,PhD,Houston,389790.10971516103
CUST-1380,72.0,56547.45400118361,55.853432972691046,Bachelor,Los Angeles,543060.0768998876
CUST-1381,39.0,77673.19874973345,18.86591965072139,Bachelor,New York,498051.38016486366
CUST-1382,63.0,73046.4575682684,39.244764998491526,Bachelor,Houston,538887.0115608961
CUST-1383,47.0,28472.15686031501,24.870451991658115,Bachelor,Chicago,280897.3334204754
CUST-1384,55.0,89530.80699451792,36.0427665908588,Master,N/A,582573.4981877989
CUST-1385,55.0,,38.17688554573985,bachelor,New York,
CUST-1386,,47488.74596980941,37.828033375524086,PhD,New York,431170.60819092736
CUST-1387,68.0,,43.24015122972191,Master,New York,534885.0255121732
CUST-1388,71.0,69880.60372565477,53.741930350743566, high school ,Houston,537094.7457153648
CUST-1389,25.0,65213.47531647814,4.779228354741807,High School,New York,353585.09639664943
CUST-1390,44.0,48993.8969230916,21.263414536247268,MASTER,New York,359376.8166965404
CUST-1391,44.0,46567.53264123897,24.069258172244872,Master,N/A,
CUST-1392,51.0,59488.91858017109,24.728504521966244,Bachelor,New York,386275.9712748558
CUST-1393,38.0,83454.58038518729,17.00675101319432,Bachelor,Houston,520462.8435355249
CUST-1394,47.0,70872.00309188865,26.65564234568617,High School,Los Angeles,481677.0787229175
CUST-1395,50.0,52587.71335827788,30.84854027907566,Bachelor,Houston,398463.30517643463
CUST-1396,,75433.97421296689,21.972208095414924,Bachelor,Chicago,444443.6861659085
CUST-1397,64.0,3029.147587398489,43.17137432280672,Master,UNKNOWN,218599.9164011797
CUST-1398,50.0,82975.31400744207,27.149150747880824,Master,UNKNOWN,562401.1251967875
CUST-1399,22.0,25205.724424438005,1.510767511348634,PhD,New York,154399.6109657181
CUST-1400,65.0,,42.20930735527395,,New York,447743.5606645222
CUST-1401,36.0,37606.60210747713,14.183798321679559,Master,New York,278523.3352293022
CUST-1402,21.0,,0.0,,Chicago,164618.71249896035
CUST-1403,52.0,,32.302272483647315, high school ,Phoenix,586902.3040720182
CUST-1404,66.0,50645.97597376217,46.716902233313334,High School,Los Angeles,500877.61195428786
CUST-1405,34.0,66930.07763461431,12.530758860085172,MASTER,Chicago,378113.2741559505
CUST-1406,61.0,59061.58842241632,40.076475989920056,High School,New York,
CUST-1407,45.0,69540.81654446243,21.102817170732912,Master,Houston,378288.7959949727
CUST-1408,,61536.43782120511,25.400646703986425,Bachelor,N/A,386576.3910185981
CUST-1409,,34340.15551622861,24.89959076591651,PhD,New York,4366909.60453412
CUST-1410,63.0,79925.3363889428,47.24158618205995,PhD,Los Angeles,599268.5308211071
CUST-1411,70.0,50124.868336773754,46.776065948451674,PhD,New York,462734.26274980296
CUST-1412,23.0,28868.362026804978,4.928354477504875,Master,Chicago,145559.30536775602
CUST-1413,52.0,51437.69678068175,32.99371754693161,Master,Los Angeles,
CUST-1414,58.0,90015.19581268622,37.56127280898027,Bachelor,New York,617385.6282752125
CUST-1415,54.0,77004.43484226985,36.51724096839027,Master,Los Angeles,550267.6634432748
CUST-1416,41.0,53026.957311842816,20.744210945213727,Bachelor,Los Angeles,314862.1837174618
CUST-1417,46.0,53014.84591363143,25.77831839133586,High School,Los Angeles,381695.1747732532
CUST-1418,66.0,,44.89375869396491,Bachelor,Chicago,440150.60204804
CUST-1419,63.0,101534.95967121681,44.44713776483726,Bachelor,New York,707291.9492434942
CUST-1420,70.0,67638.70904463106,51.192938467621765,Master,Houston,582556.6665125426
CUST-1421,48.0,,25.748645425007574,PhD,Chicago,435499.00386410754
CUST-1422,52.0,80605.66908063684,28.361505610802464,Master,Los Angeles,506658.89763526316
CUST-1423,50.0,64775.78318053027,28.594038725208687,Bachelor,New York,440741.4642255546
CUST-1424,69.0,54819.15708358594,46.39992287120471,,Houston,433066.1406214674
CUST-1425,38.0,56073.003018300435,16.87295085076929,,N/A,368346.57047067425
CUST-1426,,58567.97481171872,-999.0,MASTER,New York,421659.4018023358
CUST-1427,40.0,59255.55526980317,18.08539668982642,MASTER,Los Angeles,
CUST-1428,50.0,74552.5908727396,28.91435323737685,Master,New York,469769.48819039494
CUST-1429,20.0,61038.91771614599,0.0,Bachelor,Chicago,289197.05601640866
CUST-1430,35.0,74652.80154431159,15.696861764410569,High School,New York,397865.06079165597
CUST-1431,42.0,,16.50622133203079,Bachelor,Los Angeles,350146.90769896365
CUST-1432,,61572.70380632181,36.78659941046941,Master,Chicago,446387.4154581509
CUST-1433,48.0,20035.986309357846,27.422567384558945,Bachelor,Chicago,
CUST-1434,71.0,78326.55349404963,52.40015791285372,MASTER,Los Angeles,598713.4182429997
CUST-1435,,66929.76951795985,0.0,Bachelor,Los Angeles,
CUST-1436,57.0,,32.24689458791625,Master,Chicago,532542.5085545725
CUST-1437,63.0,2074.892436126218,43.23942289193227,High School,New York,
CUST-1438,41.0,101767.49409561456,18.72927522234874,Master,New York,571434.0385180207
CUST-1439,67.0,57208.207436896526,43.62066668181928,,Phoenix,503776.51680808206
CUST-1440,49.0,82163.65633475033,26.751309220573553, high school ,New York,493296.39635451336
CUST-1441,64.0,39201.881457489384,42.6309492846883,Master,Chicago,420529.1341810516
CUST-1442,,72255.4781012514,16.790510670923574,PhD,UNKNOWN,412778.1604314596
CUST-1443,,38931.68873652688,14.58886788580186,Bachelor,New York,266884.60481995554
CUST-1444,19.0,47524.6207860839,0.0,Master,Los Angeles,255627.87161262875
CUST-1445,44.0,98280.62707733572,25.549750082557445,Master,Chicago,
CUST-1446,,56186.35198473307,-999.0,Bachelor,Phoenix,460187.0873627325
CUST-1447,19.0,64348.657463594456,0.0,Bachelor,UNKNOWN,
CUST-1448,43.0,77401.35461377508,21.597016932104964,High School,Chicago,480831.3467258982
CUST-1449,34.0,69913.63775945209,12.986957369541084,Bachelor,New York,345053.76438807027
CUST-1450,57.0,63008.37810287153,37.19758877912382,Bachelor,Chicago,
CUST-1451,50.0,67299.2200493245,30.33668097743616,Master,Los Angeles,484255.7083054397
CUST-1452,,,3.5316524024430085,High School,Los Angeles,561831.89502
CUST-1453,60.0,58847.62405932829,39.16399111282712,Bachelor,New York,449544.1140171707
CUST-1454,71.0,64021.98093429935,50.91456080923048,Master,New York,541241.8878277601
CUST-1455,65.0,,46.91164464429353,Bachelor,Houston,610161.8108961232
CUST-1456,56.0,82110.51865915967,36.40901307964945,,Los Angeles,580054.8132466346
CUST-1457,46.0,,26.578113374751037,Bachelor,Los Angeles,474875.13583291613
CUST-1458,59.0,72774.60444058369,38.167653255858724,High School,Los Angeles,508337.6735757434
CUST-1459,72.0,37139.90174539033,53.82091829040701,Bachelor,Phoenix,428277.82822923065
CUST-1460,,92668.63064602192,22.819525591918996,Bachelor,Chicago,567545.9196137568
CUST-1461,52.0,37073.09213962624,-999.0,Master,New York,395123.14926031407
CUST-1462,,66052.70930478067,48.80673994025038,High School,New York,
CUST-1463,42.0,44914.48299961284,22.395806545078056,Bachelor,New York,297128.1565808922
CUST-1464,,,19.113911957743035,Master,UNKNOWN,393125.9866098922
CUST-1465,30.0,,8.041014065201514,Bachelor,Chicago,401736.5538614355
CUST-1466,24.0,66427.14430900547,3.5931510902815234,Master,Los Angeles,348401.9556858567
CUST-1467,74.0,68438.41508470569,53.92636959053517,Master,Chicago,558085.7630239238
CUST-1468,53.0,92274.22538117295,32.39458453126241,Master,Los Angeles,615867.616346066
CUST-1469,62.0,69070.6860302796,41.62261734688577,Bachelor,Houston,545274.5796393764
CUST-1470,37.0,,19.39991474915276,Bachelor,Los Angeles,336073.6259664093
CUST-1471,18.0,79281.74336576715,0.0,,New York,393303.4855843107
CUST-1472,25.0,,4.381271182530049,,New York,452627.7967422796
CUST-1473,63.0,35447.84369726015,43.88262116153496,Bachelor,Los Angeles,
CUST-1474,33.0,71948.00139699716,9.934952192944921,High School,UNKNOWN,401409.6384825856
CUST-1475,31.0,74023.45484621797,-999.0, high school ,Los Angeles,403041.1229531787
CUST-1476,29.0,,11.61861269946622, high school ,Phoenix,352256.968348031
CUST-1477,68.0,87514.13626623238,46.56390820921525,bachelor,Houston,605251.3252511693
CUST-1478,40.0,56998.88825934946,17.30473214276183,,New York,379373.67586838326
CUST-1479,32.0,,9.695822222813879,High School,New York,324138.6817967697
CUST-1480,45.0,56538.56351432261,21.820733925315224,Bachelor,New York,414020.1443968875
CUST-1481,,,28.43047618374459,PhD,Chicago,426742.4049432868
CUST-1482,19.0,38074.49826209596,0.0,Master,New York,231549.82307061856
CUST-1483,49.0,31198.982348114114,25.188865961642716,Master,Los Angeles,301747.3373603298
CUST-1484,40.0,91890.10126449945,19.031236667899208,High School,Los Angeles,500018.6599423969
CUST-1485,39.0,43060.77303363344,19.804554347573294,,Chicago,347302.83499600145
CUST-1486,68.0,40172.15301087385,45.18448763970616,Bachelor,New York,457109.283128744
CUST-1487,,,24.038567847283538,MASTER,Los Angeles,233367.75563249667
CUST-1488,39.0,47220.765046209955,19.02158417705519,Bachelor,Los Angeles,309018.4986132048
CUST-1489,39.0,33538.204131850034,20.061161171248116,Master,Los Angeles,261955.05324813427
CUST-1490,,92840.30320272737,43.684330892295726,MASTER,Houston,651470.0375243044
CUST-1491,69.0,80196.34178685269,49.709050454133234,PhD,New York,595917.929419951
CUST-1492,59.0,,35.81613219920938,,Houston,
CUST-1493,23.0,105048.71610688618,3.7804950016730174,Bachelor,Chicago,522168.8692791578
CUST-1494,,79635.3097398319,11.343678679587063,Bachelor,Chicago,372806.22869032074
CUST-1495,71.0,53503.37232982755,51.10650243996957,bachelor,Chicago,509068.5781230382
CUST-1496,,10011.88570252854,36.648810788750296,Master,Los Angeles,236295.9831071965
CUST-1497,54.0,105818.85145181484,31.20986031544679,Master,New York,648941.248576546
CUST-1498,,32208.550664728078,30.19445643650677,Bachelor,Chicago,301306.36315615417
CUST-1499,25.0,27092.025060862165,2.1033039915515985,Bachelor,?,185900.1851637017
CUST-1500,70.0,80451.4086401928,49.926412584198246, high school ,Chicago,644802.771097297
CUST-1501,61.0,108795.04812678546,37.26572438707951,Master,Los Angeles,699951.2187882394
CUST-1502,61.0,87685.45637021036,41.69634842533333,PhD,UNKNOWN,602690.8192634927
CUST-1503,22.0,71278.18240104719,0.0,Bachelor,Chicago,352718.3906844831
CUST-1504,56.0,71895.08683330572,36.10459987535905,PhD,New York,516331.68079039356
CUST-1505,21.0,77068.31117560616,1.2512618672920017,MASTER,Los Angeles,362000.4348954828
CUST-1506,23.0,75178.5717957353,0.6064563631408502,Master,Houston,389096.1583845123
CUST-1507,62.0,1312476.5695877504,42.16405313416946,Bachelor,Houston,526300.4456562639
CUST-1508,49.0,62084.022079037524,28.52088452666711,Master,Los Angeles,476951.78393008705
CUST-1509,69.0,58748.13744200955,46.92231628761452,,Phoenix,
CUST-1510,47.0,44920.70822266648,23.982890631847585,Master,New York,327449.98595778865
CUST-1511,64.0,54386.49846266452,39.074748616654844,bachelor,Los Angeles,478470.94829467894
CUST-1512,52.0,26140.863716092288,31.699300094599387,PhD,?,266957.9524288516
CUST-1513,72.0,58033.207464105,47.87039445727589,bachelor,Phoenix,
CUST-1514,57.0,40228.17785698165,36.190688398882614,PhD,Chicago,362183.51058406255
CUST-1515,69.0,37928.21365568458,47.4731035678355,Bachelor,Phoenix,391014.94156969746
CUST-1516,,63597.88302306957,13.35828555087639,Bachelor,New York,382766.4638238773
CUST-1517,30.0,87840.04572689199,8.395909001020271,Bachelor,Phoenix,398603.7545702212
CUST-1518,67.0,78366.33212004625,45.341104427305815,MASTER,Los Angeles,
CUST-1519,59.0,28589.98792753646,39.46374140857659,High School,?,331108.8728052867
CUST-1520,47.0,40207.43726859325,26.670116058168237,PhD,New York,333504.86004904535
CUST-1521,,78815.42375976432,15.632311914365557,Bachelor,Los Angeles,
CUST-1522,34.0,40350.252129233806,13.938535179617052,Bachelor,New York,234905.83265246332
CUST-1523,73.0,55507.33700005951,48.928855753585786,High School,Los Angeles,485622.28770756244
CUST-1524,36.0,71001.04198049103,16.513577359973965,Master,New York,432825.6541730664
CUST-1525,,,25.224937588027206,Bachelor,New York,340568.3560920635
CUST-1526,72.0,62107.5101229192,-999.0,PhD,Chicago,533978.118841779
CUST-1527,43.0,33319.49010163591,21.5118390526516,Bachelor,Los Angeles,
CUST-1528,54.0,47972.64712097573,32.921385424744734,Bachelor,Los Angeles,405575.99390510586
CUST-1529,43.0,66395.63868285074,21.731006431196533,,Chicago,409787.0020174626
CUST-1530,70.0,28140.125329366616,49.66771993313707,Bachelor,Phoenix,373621.1724462706
CUST-1531,40.0,68809.49475920798,21.862733563662367, high school ,Houston,6600594.4271000605
CUST-1532,26.0,59607.24402146637,7.163533455345657,Bachelor,Los Angeles,326019.7237028503
CUST-1533,29.0,71049.79908834296,5.3755616131371875,Bachelor,Chicago,407153.29621748836
CUST-1534,70.0,64478.28268129323,50.2441399806121,Bachelor,New York,
CUST-1535,18.0,87282.80859947688,0.0,High School,New York,454822.871845624
CUST-1536,18.0,62504.49005295814,0.0,Master,Los Angeles,300698.07414333685
CUST-1537,64.0,51411.889177494944,45.18196085037194,Master,Houston,496551.8787126995
CUST-1538,51.0,62445.95006064568,34.02454089140153,Bachelor,New York,454747.79228591087
CUST-1539,49.0,70865.96058072775,30.047419092213964,Bachelor,New York,519328.70695416414
CUST-1540,71.0,60977.20140651408,50.49861719128346,Master,New York,531846.8392171107
CUST-1541,65.0,60811.83382407765,46.09017694816951,High School,Phoenix,527104.5673979649
CUST-1542,42.0,,21.289775666193783,bachelor,Chicago,
CUST-1543,57.0,46741.98164898103,36.04780608656991,Bachelor,New York,399146.6449655942
CUST-1544,62.0,31947.89456400613,-999.0,Master,Chicago,363116.7648123495
CUST-1545,70.0,94991.53486373878,52.126826717664215,MASTER,Los Angeles,721063.9726699747
CUST-1546,,35122.7352921743,0.0,Master,Chicago,181727.22971653275
CUST-1547,33.0,46141.896044081856,15.064735449356231,High School,New York,269310.43148378294
CUST-1548,56.0,45631.85468861605,35.999728247480746,Bachelor,Phoenix,450917.70720583724
CUST-1549,22.0,77898.48753888882,0.0,MASTER,Los Angeles,
CUST-1550,39.0,54101.00643415944,18.735298585982843,High School,Chicago,362129.3259851046
CUST-1551,46.0,84954.84145347468,20.799946984696753,MASTER,New York,542596.7942310045
CUST-1552,72.0,46530.18751512263,52.25101603366207,PhD,Los Angeles,458926.544325758
CUST-1553,20.0,,0.770462965977982,Master,Los Angeles,302224.1656675228
CUST-1554,29.0,43293.05893480485,6.815288088695893,MASTER,Los Angeles,265108.06189208035
CUST-1555,43.0,102902.98255546777,22.247095391911163,Bachelor,New York,549477.7977275287
CUST-1556,33.0,36248.03161940974,15.908314867500572,Bachelor,Houston,253143.43496814754
CUST-1557,68.0,66196.41420454055,45.988506591476124,High School,New York,543975.350302746
CUST-1558,54.0,72675.53761864197,30.8821848258868,High School,Chicago,493937.67634092015
CUST-1559,,68275.98194902997,20.9633268049252,MASTER,Houston,
CUST-1560,74.0,,56.92517438106159,Bachelor,Chicago,574954.0827492913
CUST-1561,46.0,57403.586005331475,25.007391343695694,High School,Chicago,404926.7649038081
CUST-1562,31.0,60876.229439582195,12.022926070816712,,Chicago,392290.6136346136
CUST-1563,45.0,57059.95996743023,26.68295183106176,Bachelor,Los Angeles,397817.7690921102
CUST-1564,22.0,,0.0,Master,Houston,367748.82096927275
CUST-1565,64.0,104210.46003182702,42.029388329264265,Bachelor,New York,697764.7581373935
CUST-1566,66.0,48850.16429984333,47.46174902630947,Bachelor,Chicago,455816.3082700179
CUST-1567,47.0,32603.940408418443,29.37002855741702, high school ,Chicago,275883.78106035007
CUST-1568,63.0,,43.12576172034871,PhD,Los Angeles,522676.5072791206
CUST-1569,69.0,111594.18675308637,46.24037129299589,High School,Los Angeles,728838.1986955266
CUST-1570,22.0,43926.50864060538,4.974122223398883, high school ,Los Angeles,199584.99593303163
CUST-1571,29.0,92782.33610888134,6.9380582043760715,Master,Houston,515038.8384520276
CUST-1572,,93554.0162815288,11.329724437657097,High School,UNKNOWN,491874.7961845354
CUST-1573,,48928.23516584011,22.684675668979242,Master,Los Angeles,337535.48793782765
CUST-1574,43.0,1427593.2316741103,25.10832084142955,bachelor,Chicago,416898.7499752142
CUST-1575,65.0,92567.93246257075,45.70795195310445,Bachelor,UNKNOWN,694703.0891058064
CUST-1576,38.0,52417.44518025026,17.82973100072382,MASTER,New York,
CUST-1577,56.0,55928.392797952765,35.92657706023621,,New York,444918.7357891373
CUST-1578,53.0,48366.38172102712,32.087029337286936,Bachelor,Chicago,416225.3138199938
CUST-1579,,,30.116279029037013,High School,Houston,354563.65464983037
CUST-1580,47.0,,20.940879844611395,Master,Phoenix,343396.3026780888
CUST-1581,54.0,35521.19466475487,32.406785081860406,PhD,Los Angeles,295524.0847797927
CUST-1582,40.0,,19.482643869833563,Master,New York,371272.3228586489
CUST-1583,27.0,44600.53537882716,3.697971832760986,High School,Los Angeles,256991.3331540682
CUST-1584,71.0,64675.71823581495,50.77264663562312,Bachelor,New York,530179.3202183618
CUST-1585,22.0,28882.087075927455,0.591057558027757,Bachelor,New York,169826.55101572603
CUST-1586,53.0,66617.60464428914,35.51095139663098,Bachelor,Houston,502855.6603095726
CUST-1587,,76670.5792321785,33.14603945042971,Master,New York,545018.2970410949
CUST-1588,69.0,20125.28714857089,47.06838886176367,Bachelor,Houston,304614.4748085429
CUST-1589,,67481.13139695144,26.69832457686661,Master,Los Angeles,510676.2163913552
CUST-1590,27.0,84553.37984946584,5.852104868783215,Master,Chicago,457733.50754279917
CUST-1591,36.0,35807.17962617589,14.096681047680754,Bachelor,New York,257379.49761910713
CUST-1592,,93451.44773675407,28.390049968056253,,Los Angeles,606440.0792964781
CUST-1593,18.0,,0.0,,New York,393846.9051429434
CUST-1594,73.0,45899.76288483183,49.738769330124946,Bachelor,N/A,429297.23844569636
CUST-1595,22.0,58884.61844684588,2.245422447800537,,Houston,299085.4842919243
CUST-1596,62.0,71166.53825043445,42.25905916844362,PhD,Los Angeles,480565.8081354527
CUST-1597,,,0.0,Master,New York,313156.7735433176
CUST-1598,33.0,70775.11984892738,13.790710861525199,High School,UNKNOWN,418495.0279528773
CUST-1599,,41586.52813841267,-999.0,Master,Los Angeles,303870.857361796
CUST-1600,33.0,,12.506330476075963,Master,New York,
CUST-1601,72.0,,52.64068802522491,Bachelor,Chicago,357449.8964495184
CUST-1602,19.0,57775.47877302599,0.0,,UNKNOWN,297827.99656391115
CUST-1603,66.0,838436.9434140841,45.90948182428227,PhD,New York,461762.6198388988
CUST-1604,45.0,45289.40114820467,22.967140712224857,Bachelor,New York,325428.2659102598
CUST-1605,49.0,84721.86350420874,27.607066833143804,Master,UNKNOWN,548571.0844939493
CUST-1606,44.0,81826.20241188537,22.58828113823932,,New York,462779.14643270086
CUST-1607,,72182.76241814354,14.506843306919523,Master,New York,435273.28739471734
CUST-1608,,38153.744706548416,19.646451673768436,Master,Chicago,282296.64875715674
CUST-1609,29.0,53671.83100610396,4.902763402272507,MASTER,Phoenix,
CUST-1610,67.0,84261.95399958367,45.01769250571579,,Los Angeles,595722.7794848706
CUST-1611,52.0,62834.33827279809,30.43024901326066,Master,N/A,
CUST-1612,50.0,106386.59079963388,28.48764049500924,High School,Chicago,648763.4129756936
CUST-1613,50.0,67866.35678788743,28.51700510825844,bachelor,New York,433145.54084038077
CUST-1614,68.0,63840.98232980063,46.87647160027974,Master,N/A,519985.95199574577
CUST-1615,60.0,53817.67071594997,39.958883036172125,Master,Los Angeles,451019.37288031256
CUST-1616,54.0,62670.81809564565,34.749034148265046,Master,New York,439789.80326190405
CUST-1617,29.0,56950.603272389126,6.700469546303466, high school ,Chicago,364795.7534065369
CUST-1618,20.0,74162.17353377181,0.0,PhD,Los Angeles,342392.3939004396
CUST-1619,18.0,79134.04633589167,0.0,Bachelor,New York,366367.2856706753
CUST-1620,50.0,44280.21078984101,28.025594157610147,bachelor,New York,333880.0322815525
CUST-1621,57.0,33375.34092884444,35.296157364366984,Master,Los Angeles,386539.5084513539
CUST-1622,27.0,23275.892537934065,4.460007867605086,Bachelor,Houston,172444.17073850558
CUST-1623,60.0,70159.82653825087,36.40776667150021,Master,Chicago,491527.7192805385
CUST-1624,61.0,37932.66787652252,39.087758345051625,Master,N/A,407116.06945100543
CUST-1625,,,25.362853240227942,bachelor,New York,226345.8737121823
CUST-1626,30.0,67771.57209061929,10.19005893167113,Bachelor,New York,386973.5867305877
CUST-1627,29.0,109859.99034865582,6.885153893783357,High School,New York,549913.48803149
CUST-1628,48.0,59878.58176920213,26.17400435571313,Master,New York,401240.2313546246
CUST-1629,63.0,76769.81548903283,40.14660338230538,Bachelor,New York,568848.1323239289
CUST-1630,19.0,61636.5871709513,0.0, high school ,Houston,292237.4615193911
CUST-1631,68.0,58022.20693617715,45.30314273161837,Master,UNKNOWN,544428.2501470299
CUST-1632,,78381.52965975537,47.1462556264824,Bachelor,N/A,562923.3727172689
CUST-1633,52.0,54194.509116226975,27.428267016131777,,New York,442564.01139279036
CUST-1634,40.0,65347.84628143806,18.280740655095077,bachelor,Phoenix,
CUST-1635,34.0,66433.95612392027,13.602214678383485,Bachelor,Los Angeles,398236.5899433193
CUST-1636,43.0,46638.190927139025,-999.0,Bachelor,New York,
CUST-1637,25.0,79840.84699073045,9.386067327960994,,Phoenix,409185.78106705914
CUST-1638,46.0,56500.80486609183,25.699600049135814,Bachelor,Chicago,421958.6316622866
CUST-1639,43.0,44885.096810143106,19.99189080631598,High School,New York,258770.01168006245
CUST-1640,27.0,,5.809071505821854,Master,Los Angeles,358213.3621082534
CUST-1641,-43.0,42030.64036417926,18.447507333067097,Bachelor,New York,285878.8334544813
CUST-1642,51.0,60563.62314738257,29.838800501406478,Bachelor,Chicago,407215.05535814696
CUST-1643,68.0,59817.62006711593,45.333887885998486,Bachelor,Los Angeles,501807.08300804335
CUST-1644,58.0,81717.91131663157,38.83078055112033,MASTER,N/A,
CUST-1645,24.0,69493.96465759905,1.9009194508089302,Bachelor,New York,371992.0992741052
CUST-1646,21.0,59499.46082509712,0.0,,Los Angeles,305269.49264294724
CUST-1647,70.0,76355.32598400574,47.728884317191195,Master,Los Angeles,575143.2832572608
CUST-1648,67.0,87804.15098034627,49.47770270370666,Bachelor,Los Angeles,653277.1984683074
CUST-1649,62.0,71156.20612703725,40.357514467764176,bachelor,Los Angeles,
CUST-1650,,60207.05239686761,10.665114086958404,Master,Chicago,368328.4822451799
CUST-1651,46.0,33763.27535299681,26.628303524236532,High School,Phoenix,320243.06723448314
CUST-1652,73.0,,52.96413345467077, high school ,UNKNOWN,443294.0810352445
CUST-1653,,53895.50591290665,32.73746629463504,Bachelor,Houston,397810.85033795366
CUST-1654,,47809.75595681433,21.787594596432502,,Phoenix,327182.93169916
CUST-1655,38.0,56260.57394029108,13.14465484130878,High School,Chicago,335861.8132642853
CUST-1656,74.0,61132.99849794214,52.442233211698486,Bachelor,Houston,535543.5345279287
CUST-1657,53.0,70593.85508713461,33.69031594236864,Bachelor,Los Angeles,504944.55640895554
CUST-1658,27.0,,5.902205633051789,Bachelor,Los Angeles,339741.08662703866
CUST-1659,54.0,69730.03287652404,30.18962030639285,Bachelor,Los Angeles,484076.0415381523
CUST-1660,26.0,61289.488296202406,4.895191098845061,High School,Los Angeles,329891.39032695786
CUST-1661,41.0,20490.668672922577,23.408211032510984,Bachelor,New York,227515.29975068461
CUST-1662,52.0,41213.29212362491,33.49378343106944,Master,N/A,351043.5320212119
CUST-1663,66.0,57118.24888556769,44.87599198126794,PhD,Los Angeles,467525.2894877845
CUST-1664,52.0,,32.90289855411617,Master,New York,293950.2213738811
CUST-1665,65.0,71998.57459992409,-999.0,Bachelor,Los Angeles,533915.8096255283
CUST-1666,53.0,,28.592256826346564,High School,New York,584872.9817216671
CUST-1667,35.0,,12.15106802374089,Bachelor,New York,451068.98477299203
CUST-1668,66.0,55731.14258139584,48.1257775370164,High School,New York,488222.29829168203
CUST-1669,56.0,89814.52273699903,34.45201383634139,bachelor,Los Angeles,603182.1760108278
CUST-1670,49.0,62973.34914404223,27.513232041249964,Master,Los Angeles,452437.0046825066
CUST-1671,,53258.28057763921,19.40032360745024,Master,Houston,332374.9121175762
CUST-1672,40.0,47731.9467291812,22.808273179146013,Master,Chicago,368145.0637300945
CUST-1673,49.0,53950.60627023743,31.251917830724125,Master,Los Angeles,438217.23394212796
CUST-1674,54.0,52236.46362917543,37.437560466896265,bachelor,Los Angeles,400130.52130151424
CUST-1675,29.0,63408.32444750975,7.681909579199897,bachelor,Los Angeles,331287.26701036474
CUST-1676,66.0,63211.47962099729,45.59124897749419,Bachelor,Houston,
CUST-1677,72.0,60060.92040306829,47.96671490115842,PhD,New York,518502.94848590007
CUST-1678,30.0,,11.95386885223655,MASTER,New York,334691.5931475849
CUST-1679,40.0,83812.92549572683,16.66444089746413, high school ,Houston,452159.44980484596
CUST-1680,,78991.08270882648,21.43355112752526,Master,Los Angeles,476526.2849429829
CUST-1681,52.0,30302.040631001928,28.80539494473431,Master,New York,271699.3014165966
CUST-1682,58.0,8921.577301960904,35.82226634652261,Bachelor,New York,224278.30263248086
CUST-1683,47.0,78686.39822478547,24.3254751379006, high school ,UNKNOWN,498375.1227673259
CUST-1684,34.0,32662.42603169158,11.784249478648364,Bachelor,Phoenix,269890.0306794254
CUST-1685,,55504.69196214633,43.92175459370204,Master,Chicago,473275.02970506984
CUST-1686,37.0,36597.739478812815,14.903462410149846,Bachelor,Los Angeles,291713.7598744262
CUST-1687,65.0,23960.391248399603,45.666667823560616,Bachelor,Los Angeles,378040.7681393993
CUST-1688,42.0,,18.79027441387496,,N/A,473960.21051385766
CUST-1689,39.0,75183.10320605294,18.441082854027734, high school ,N/A,459266.07782396063
CUST-1690,30.0,48469.791985465614,11.435918304611118,Bachelor,New York,
CUST-1691,36.0,8179.154157101802,13.973607270973208,Master,Houston,144247.6371549744
CUST-1692,66.0,49075.11103495034,43.5641622185048,Bachelor,New York,476740.4835081295
CUST-1693,53.0,67836.08010805093,31.538950749639497,Bachelor,New York,477352.53509926226
CUST-1694,29.0,30421.768624517426,10.35945041672142,Master,Chicago,
CUST-1695,58.0,63667.19839558311,37.388215261906716,Master,Los Angeles,507162.8776025306
CUST-1696,36.0,59693.80301654009,13.937571410784804,Bachelor,UNKNOWN,
CUST-1697,,71585.82999202177,8.96775330237608,,New York,419699.0126513721
CUST-1698,,62391.60736828307,2.7954157003271534,Bachelor,Los Angeles,336482.72653977724
CUST-1699,24.0,40538.621182368894,4.362719020885896,Bachelor,UNKNOWN,169191.6898984339
CUST-1700,45.0,83931.43003328983,24.817214615403536, high school ,UNKNOWN,507164.6052092557
CUST-1701,31.0,56829.4085394606,9.384383057722232,MASTER,New York,360314.6882819358
CUST-1702,48.0,59453.909209801364,25.32282840310554,Bachelor,Los Angeles,395321.29315096536
CUST-1703,69.0,41334.64081853608,46.226638155433086,Master,Chicago,
CUST-1704,36.0,51134.354976169794,16.06963467269182,MASTER,New York,
CUST-1705,64.0,42303.94571946198,45.457961004978124,Bachelor,?,467339.70363255753
CUST-1706,33.0,56541.07880153154,10.72538450594241,High School,UNKNOWN,378148.31956016953
CUST-1707,70.0,94234.16960284687,49.916773407102966,MASTER,New York,656707.3610556016
CUST-1708,,32561.977141372874,0.0,Bachelor,New York,183211.34714590502
CUST-1709,52.0,27728.772042465178,29.8307645386856,Bachelor,New York,275259.4166130489
CUST-1710,29.0,89423.40654987218,7.937882134258196,,UNKNOWN,485092.5918529838
CUST-1711,,55813.526456962674,19.180633166036333,Master,New York,384444.84548549925
CUST-1712,69.0,46618.54522680167,46.12698725042081,Bachelor,Los Angeles,471957.05456220155
CUST-1713,,80798.09374792152,15.664440887062227,Bachelor,Los Angeles,475882.7057195307
CUST-1714,53.0,47887.689205262715,32.58438545665275,Master,Chicago,466132.91295335215
CUST-1715,70.0,96520.19427093872,48.62534196318725,PhD,New York,659518.8059835176
CUST-1716,40.0,73558.51742678539,14.523537533350055,,New York,391818.8571596716
CUST-1717,33.0,50241.77183708595,7.758599694729868, high school ,UNKNOWN,289036.51733353984
CUST-1718,,103146.16426531007,51.786269644285646,Bachelor,UNKNOWN,691316.8414877455
CUST-1719,56.0,47885.70153993323,35.9153731721071,Master,Houston,369920.219695871
CUST-1720,62.0,,35.50499031454953,Master,New York,511270.68806953705
CUST-1721,70.0,65985.85160812984,48.00053964769674,Master,Los Angeles,522883.2285438838
CUST-1722,59.0,86034.82578797596,36.947504286965156,Bachelor,Chicago,
CUST-1723,56.0,91230.22393453706,37.7766755564169, high school ,New York,620821.5081358027
CUST-1724,31.0,,9.229956376574272,bachelor,UNKNOWN,334415.51601850847
CUST-1725,,44931.64259307633,27.765977969481856,Master,Chicago,353002.461205477
CUST-1726,22.0,69199.44285878233,1.2825142801749265,PhD,New York,370600.85506756866
CUST-1727,52.0,46445.692604957876,26.7388670403856,Bachelor,UNKNOWN,348064.15472393157
CUST-1728,40.0,100267.74495053246,20.536414433263474,Master,N/A,566200.4481095683
CUST-1729,46.0,62730.70662165475,25.430793010912577,,New York,436724.558482507
CUST-1730,60.0,52693.56897375783,40.01653727934918,Master,Los Angeles,
CUST-1731,,63693.60611729817,14.852475412872653, high school ,Los Angeles,
CUST-1732,35.0,33057.47420940607,9.831774121002823,PhD,Los Angeles,239406.88952527888
CUST-1733,64.0,40567.71922978697,46.449393299522214,,New York,430203.2734467805
CUST-1734,29.0,84008.27815888851,7.425104961199289,High School,Chicago,495418.0699699064
CUST-1735,,,5.574657808806019,Bachelor,N/A,270555.8602156627
CUST-1736,27.0,39061.78034636121,5.908975509397516,Master,Los Angeles,254498.43101827035
CUST-1737,61.0,,39.151527333203916,Bachelor,New York,522366.51363741816
CUST-1738,34.0,83714.08309325993,11.860334143522483,Master,Chicago,
CUST-1739,55.0,,34.659017471146015,High School,Los Angeles,562864.2714170325
CUST-1740,24.0,79920.95371611633,0.0,Master,Phoenix,342544.47126938263
CUST-1741,63.0,,43.501158335043534,High School,?,437232.3234731711
CUST-1742,30.0,31563.786665163127,8.167611190229492,Master,New York,264929.5418158567
CUST-1743,57.0,90026.67303910974,33.739861321919285,Bachelor,New York,598890.4681219852
CUST-1744,59.0,53546.403223157286,37.099974284008375,,Houston,
CUST-1745,26.0,54983.339670899055,7.514298433725146,Bachelor,New York,293237.6200819851
CUST-1746,67.0,86563.88283698115,44.92932982596756,Bachelor,Houston,624024.274890225
CUST-1747,44.0,71124.6001880132,23.71690723641924,Master,New York,458049.54011503176
CUST-1748,19.0,,0.0,Bachelor,Los Angeles,284090.1225033754
CUST-1749,22.0,103300.04689802168,2.515843699847239,Bachelor,Los Angeles,476193.29644438426
CUST-1750,46.0,942592.7078479428,26.371015477580407,PhD,UNKNOWN,332774.5287139287
CUST-1751,54.0,78556.80256162475,36.69721766659282,,UNKNOWN,565148.916477903
CUST-1752,55.0,61140.26249794169,33.648872109001566,Master,New York,480381.6252098437
CUST-1753,36.0,65371.845577265136,16.337309609515813, high school ,Los Angeles,405286.1449939039
CUST-1754,25.0,90569.36852825063,4.196135079077889,Master,New York,478253.13603575417
CUST-1755,65.0,70156.71512579247,46.59174356372603,bachelor,Los Angeles,548876.7134391998
CUST-1756,62.0,70765.92158099265,39.56233522478254,Bachelor,Los Angeles,560181.9445273031
CUST-1757,,81450.14674619604,0.0,Master,UNKNOWN,
CUST-1758,39.0,52700.945409142296,17.610605407766638,bachelor,UNKNOWN,349932.6717501091
CUST-1759,69.0,43215.80665321987,47.871623645783004,Master,Los Angeles,
CUST-1760,34.0,39103.81611957933,13.183504968896745,High School,Los Angeles,283628.9493857079
CUST-1761,24.0,20672.868212479967,3.5044807928533546,,Phoenix,129011.37891939707
CUST-1762,42.0,101124.14259880644,20.767541913756084,Bachelor,Houston,604772.051865849
CUST-1763,62.0,37935.83268556633,41.429426366341055,Master,New York,359695.79766617145
CUST-1764,21.0,55574.92752828456,3.156236115124369,Master,Los Angeles,263582.9758544488
CUST-1765,53.0,,33.97089937123044,bachelor,Los Angeles,443685.17000185105
CUST-1766,23.0,66148.13395618202,3.738309184993793,Bachelor,New York,341167.92499322514
CUST-1767,,76314.74425078594,26.088920947952257, high school ,New York,482335.8265685653
CUST-1768,,77209.46976719491,13.221518343543352, high school ,New York,463358.6122948937
CUST-1769,61.0,48338.45122862123,41.910601116475505,Bachelor,Chicago,419573.2985260699
CUST-1770,71.0,56657.56572427177,51.75209358505959,Bachelor,New York,511710.29515689245
CUST-1771,,,37.945341351501966,bachelor,New York,528248.9183502318
CUST-1772,,55026.17747632906,21.79203874806154, high school ,New York,417472.47353293165
CUST-1773,27.0,92146.91152039985,5.540902689279306,Master,Houston,511093.76516639546
CUST-1774,,69819.49903276503,18.72103167494913,Bachelor,Phoenix,427797.6962489423
CUST-1775,36.0,74697.55572099634,14.215057787878255,Master,Los Angeles,463551.74673273007
CUST-1776,,,36.99314102115889,PhD,Los Angeles,500914.9165493269
CUST-1777,20.0,83469.4771497065,0.0,Bachelor,N/A,382940.07530562766
CUST-1778,62.0,63620.43117407414,42.28095959040165,High School,New York,447373.42273892957
CUST-1779,30.0,,8.618993788004378,Bachelor,New York,265963.8110954502
CUST-1780,67.0,67993.75903505283,46.64811405644312,Bachelor,New York,524816.761600165
CUST-1781,45.0,,21.704617220368664,Master,New York,340828.4167261649
CUST-1782,37.0,49427.666365004865,16.1704188992678,Master,Los Angeles,303677.6467921182
CUST-1783,45.0,71727.28037510187,18.017728058198553,,UNKNOWN,461705.0770708075
CUST-1784,25.0,84765.66142867271,3.6262076836760304,Master,Chicago,420433.2579621218
CUST-1785,,60425.43153472123,33.73905351256972,Bachelor,Los Angeles,427511.18018313096
CUST-1786,,,37.41198903309363,Bachelor,UNKNOWN,505072.50233783916
CUST-1787,18.0,,0.0,Bachelor,New York,
CUST-1788,20.0,64815.063589771366,0.0, high school ,New York,
CUST-1789,30.0,112033.6622836079,12.04201245431876,Master,Chicago,532605.2897735399
CUST-1790,-45.0,,22.102166958350324,Master,Chicago,419103.41617694974
CUST-1791,,24784.74481688365,56.494726395831115,Master,New York,396478.7601064817
CUST-1792,66.0,,46.86438312852077, high school ,Los Angeles,528280.4943323971
CUST-1793,42.0,67623.16769765556,20.526889425562107,Bachelor,Chicago,391856.27980059345
CUST-1794,73.0,,54.27124029436589,PhD,Chicago,658332.2458472246
CUST-1795,50.0,73463.62702539917,26.787412975176732,High School,Chicago,472358.3881375001
CUST-1796,55.0,57230.880320324526,32.35097167694465,PhD,Los Angeles,486892.79237127706
CUST-1797,70.0,35514.035274212685,47.7828205535206,Bachelor,New York,454009.03404512827
CUST-1798,23.0,55819.534854279496,0.9420445838719695,PhD,Los Angeles,266815.9790270948
CUST-1799,61.0,,37.88688471447949,Bachelor,New York,412542.25372468843
CUST-1800,62.0,48389.53100390555,43.44616613419065,Master,UNKNOWN,459823.4518421332
CUST-1801,49.0,71771.5680884122,27.482291199260338,High School,Los Angeles,463981.9585450258
CUST-1802,62.0,93398.09008702813,41.70500993671376,Bachelor,Los Angeles,601017.8967893127
CUST-1803,64.0,67893.43059645963,41.859297267172636,High School,Houston,526790.8682528848
CUST-1804,38.0,36082.33875929631,13.358793398902966,Bachelor,Los Angeles,
CUST-1805,33.0,68892.05336440282,12.540114716782844,High School,Los Angeles,
CUST-1806,71.0,83932.62973291302,46.175490049160445,Master,Houston,633781.225649702
CUST-1807,38.0,47804.341913612356,16.862731907829062,Bachelor,Phoenix,303939.4941596028
CUST-1808,,57319.65666654165,4.263369922334379,Bachelor,Chicago,283928.62607696204
CUST-1809,54.0,,36.974551998461614, high school ,New York,465972.6677797584
CUST-1810,53.0,,33.822725444349445,Bachelor,Chicago,389976.5804698686
CUST-1811,52.0,72965.60867687718,31.21150758254296,Bachelor,Houston,470563.63819607487
CUST-1812,36.0,57581.037027844366,17.52741335530934,Bachelor,New York,388899.17196600465
CUST-1813,37.0,,14.307368045068529,PhD,New York,361917.9956424361
CUST-1814,74.0,42250.156443957996,54.086958757340184,Master,Phoenix,448933.7438019404
CUST-1815,,51250.83399353179,14.399620867437427,Bachelor,?,
CUST-1816,64.0,,43.52804016266734,Bachelor,Houston,545692.8498762031
CUST-1817,58.0,52543.33695816466,39.544707000213535,Bachelor,Los Angeles,427952.6254736018
CUST-1818,66.0,94539.2770246681,46.4649842055596,,Los Angeles,710598.5612853881
CUST-1819,31.0,52007.27628770795,10.577447325650047,Master,New York,290992.98304566345
CUST-1820,32.0,64493.69451503772,7.690225127543408,,Houston,422322.8437620978
CUST-1821,48.0,,25.079907409441073,,Los Angeles,512101.0665901776
CUST-1822,18.0,31632.685341339366,0.0,Master,Los Angeles,171648.46246882694
CUST-1823,,24783.823760384483,49.1867447485533,Master,Chicago,375993.45000208175
CUST-1824,71.0,29486.873708598105,47.739592550652155, high school ,Chicago,445657.9030719467
CUST-1825,71.0,85251.68206854364,54.82335335115684, high school ,N/A,629762.8042636308
CUST-1826,,,2.0327881105071457,High School,Los Angeles,
CUST-1827,33.0,111163.98571336505,13.204236640784966,Bachelor,?,570478.9907181996
CUST-1828,40.0,48715.04802685223,19.14407372256749,Bachelor,N/A,337453.5159626515
CUST-1829,74.0,63691.02606394074,52.575582060197696,Bachelor,Chicago,
CUST-1830,28.0,90842.19905135751,5.096163079955529,Bachelor,New York,466636.86595394067
CUST-1831,29.0,100121.85776318246,8.154961037037726,Master,New York,560851.921380776
CUST-1832,27.0,101230.07153272795,6.515505080285501,High School,?,519367.0219037517
CUST-1833,49.0,84167.32461186284,25.51647884903675,bachelor,Los Angeles,521485.2608261112
CUST-1834,,80481.25051622925,12.668352834489795,High School,Chicago,
CUST-1835,25.0,,3.6894819023505026,Master,Los Angeles,394358.66374894703
CUST-1836,55.0,75567.22152333276,30.18438488424522,PhD,New York,492459.83217678184
CUST-1837,29.0,48976.28567342933,6.279229978440997,Bachelor,Chicago,328890.87348073616
CUST-1838,41.0,43636.02233155386,19.17278893315671,Bachelor,New York,363714.4609843214
CUST-1839,45.0,59932.51085178096,27.77537531468038,High School,Los Angeles,426941.1947436002
CUST-1840,70.0,56596.307549501435,50.11310624906751,Bachelor,Los Angeles,509734.82551804284
CUST-1841,,50935.439013454496,1.3290368618002173,Master,Los Angeles,296463.0813519849
CUST-1842,45.0,,24.972072578835274,Bachelor,Chicago,502461.0505632933
CUST-1843,53.0,79106.10417141022,28.90539202212327,PhD,Houston,502043.8515612304
CUST-1844,43.0,,24.165382107774146,High School,Houston,401788.88776117115
CUST-1845,25.0,89550.60162110523,3.0577506963642427,Bachelor,New York,416592.2735169839
CUST-1846,67.0,,45.812727622521656,High School,New York,415412.7860539009
CUST-1847,45.0,,-999.0,Bachelor,Los Angeles,416691.1256365008
CUST-1848,45.0,45663.5535879439,21.4256728628315,Master,UNKNOWN,
CUST-1849,54.0,22669.267658538804,30.20576362977402,,Houston,262249.0227323427
CUST-1850,58.0,58346.386283146014,35.83280134730799,PhD,Houston,423375.79437654733
CUST-1851,,57565.04983233433,34.076757702038634,,Los Angeles,418303.0020955244
CUST-1852,44.0,90268.99486484262,19.961307849046314,Bachelor,Los Angeles,545869.8269445882
CUST-1853,71.0,72616.23369109555,44.335688803778865,PhD,Los Angeles,547943.0663543096
CUST-1854,34.0,39516.263513415906,12.097682283182003,,New York,257595.58375911016
CUST-1855,,97081.85132668377,6.103481599821841,MASTER,New York,453495.9825708596
CUST-1856,50.0,84420.67391050706,31.400523499477657,Bachelor,UNKNOWN,553769.3583388313
CUST-1857,,71641.95406937231,48.073677275829205,High School,New York,570502.9921435467
CUST-1858,37.0,55470.31802300336,15.177146785767995,Master,New York,332423.89020999003
CUST-1859,30.0,,11.307801468511494,Bachelor,New York,257848.51565835948
CUST-1860,45.0,52555.86447857894,20.260516600609158,Master,UNKNOWN,369290.31196801877
CUST-1861,-65.0,,43.22295844963398,Bachelor,Chicago,574784.547399545
CUST-1862,46.0,,25.380847779850114,Master,Chicago,
CUST-1863,30.0,90864.87056544378,9.898437442570069,bachelor,UNKNOWN,528726.5906893776
CUST-1864,63.0,50223.01156427452,40.980386613618236,Master,Los Angeles,427612.8942623332
CUST-1865,52.0,37607.65133421977,31.068882023411682,PhD,Chicago,338022.07449455175
CUST-1866,23.0,62817.72493822408,0.0,Master,New York,342450.7555975162
CUST-1867,35.0,24631.21268874297,12.683503175332303,Bachelor,New York,289617.3463146024
CUST-1868,68.0,66463.35428369563,47.90701742510893,Bachelor,Houston,513693.9853047355
CUST-1869,22.0,57047.948274026625,0.0,,Houston,300961.44757628255
CUST-1870,64.0,50679.26996263515,43.117968443179194,Bachelor,Los Angeles,435721.8130290431
CUST-1871,42.0,,-999.0,Bachelor,Los Angeles,241688.20133638685
CUST-1872,,70272.00213139433,0.0,Master,Los Angeles,326718.7090661047
CUST-1873,27.0,,6.340927541993142,Bachelor,New York,253438.33286139273
CUST-1874,73.0,36601.66328579424,50.07453486943078,Bachelor,New York,423398.80534974986
CUST-1875,47.0,2554.7557343670123,25.586777440607907,Master,New York,121894.16595026938
CUST-1876,67.0,59449.701898987274,47.220432339178444,,New York,533355.1447257748
CUST-1877,62.0,95445.03193339487,41.31394592193687,MASTER,Houston,647819.5548669219
CUST-1878,22.0,93225.1842909574,0.0,bachelor,New York,463074.2036318443
CUST-1879,72.0,50858.07486827456,51.448432808581586,High School,New York,479551.92003432475
CUST-1880,73.0,47955.75879276439,53.42921958127324,Bachelor,Los Angeles,476408.4749559658
CUST-1881,50.0,69375.48512150047,24.900117442845044,High School,Phoenix,469079.13300447044
CUST-1882,71.0,40032.29121623417,52.3181481299118,High School,New York,414498.4890526435
CUST-1883,18.0,,0.0,High School,New York,315211.5101234186
CUST-1884,35.0,75321.6055676938,14.850979866480461,Bachelor,Los Angeles,414509.82680710213
CUST-1885,,,30.394493847290455,,Chicago,
CUST-1886,64.0,57996.918470400946,40.25665260553907,High School,Chicago,425010.13491778047
CUST-1887,66.0,55926.524996460685,43.58111799514491,Master,Houston,514895.8812065078
CUST-1888,28.0,42440.34826486878,6.422902608248591,PhD,N/A,235086.80618781105
CUST-1889,38.0,43462.3929192028,15.432492957751144,Master,Houston,
CUST-1890,43.0,55470.422161969465,25.469873151673617,Master,Chicago,417246.3272187408
CUST-1891,42.0,67347.31013632356,19.286455812346414,Bachelor,Los Angeles,391772.27038758295
CUST-1892,,78271.69252466499,16.88890644102627,PhD,New York,434179.05479225016
CUST-1893,44.0,43936.4209863931,23.408778063205954,,N/A,397952.80261227896
CUST-1894,66.0,89853.77137919044,42.595700947847824,,Los Angeles,674902.2225980791
CUST-1895,30.0,54577.527979148625,8.208638576487472,Bachelor,New York,
CUST-1896,50.0,59572.654113031276,29.63490652250035,Master,Chicago,
CUST-1897,51.0,45055.76641704353,29.334279191234977,Bachelor,New York,351482.62637672113
CUST-1898,58.0,11515.194794541167,36.813226282200105,PhD,Chicago,260066.87327704407
CUST-1899,52.0,77680.907927221,29.94133577510326,High School,Chicago,499458.5454797425
CUST-1900,18.0,74736.87794184867,0.0,Bachelor,Los Angeles,312507.10663085943
CUST-1901,38.0,54373.44885763573,17.643186422678475,Bachelor,Houston,321571.1844646199
CUST-1902,65.0,61339.81434449744,47.50986614329448,Bachelor,New York,516586.0816763866
CUST-1903,72.0,,51.036803261566874,bachelor,Los Angeles,549268.2584905049
CUST-1904,23.0,28749.082862269148,2.450528234495099,Master,Los Angeles,169540.5209608581
CUST-1905,45.0,49418.9464530741,25.38544551023372,Master,Chicago,339175.069583713
CUST-1906,34.0,75885.29359243654,10.461339006906602,Bachelor,Houston,404308.99012413446
CUST-1907,22.0,34914.21153661501,4.405029316259212,PhD,Los Angeles,
CUST-1908,48.0,65871.15864333259,27.404657592845606,bachelor,Chicago,456821.200364536
CUST-1909,,,4.263713798178218,High School,New York,193457.16844559452
CUST-1910,55.0,69328.59964867053,32.53393400895202,PhD,UNKNOWN,514054.5997726397
CUST-1911,20.0,,2.6361238451156495,Bachelor,Los Angeles,316715.8529622571
CUST-1912,70.0,27697.363681889812,50.55031098806957,Bachelor,Chicago,417453.1518139971
CUST-1913,,83294.78708914343,20.10608017170472,Bachelor,New York,483648.3008583811
CUST-1914,54.0,45308.168464039016,33.468048908706294,Bachelor,New York,374550.0303511067
CUST-1915,70.0,43794.95125971238,48.5029427638511,Bachelor,Los Angeles,415058.3773004754
CUST-1916,54.0,,35.40106331694774,Bachelor,Phoenix,464529.8997673176
CUST-1917,27.0,82972.7469885743,6.280719739696094,Master,Los Angeles,
CUST-1918,27.0,39683.56362043206,2.0658605928256955,MASTER,UNKNOWN,257773.30237697472
CUST-1919,36.0,61233.59699695943,12.765627076585995,PhD,Los Angeles,391855.6969182421
CUST-1920,34.0,68576.33000661146,12.628308495614505,High School,Los Angeles,352623.6138528591
CUST-1921,,73862.11214526289,17.61999796633111,High School,New York,469318.12886919465
CUST-1922,31.0,,9.886823022200208,Bachelor,Houston,
CUST-1923,26.0,,7.437941579587326,High School,New York,320734.2523243216
CUST-1924,63.0,43448.195587025606,38.09779627192275,Bachelor,Phoenix,395115.6557931071
CUST-1925,18.0,,0.0,PhD,UNKNOWN,322316.2823225201
CUST-1926,68.0,38557.21976028786,43.36404154922569,Bachelor,UNKNOWN,372288.4048716083
CUST-1927,,1572.990330107852,42.519424590968335, high school ,Los Angeles,256915.921076044
CUST-1928,30.0,,8.811082571115994,Bachelor,Chicago,344099.2614349158
CUST-1929,21.0,78078.6968217239,0.8392199440482363,Bachelor,Houston,368660.4227585729
CUST-1930,18.0,12741.351289163234,0.0,MASTER,New York,59383.71510700867
CUST-1931,66.0,39805.385905801246,47.558929863315505,Bachelor,Chicago,376943.9048454896
CUST-1932,57.0,72383.08522010395,38.0834493281177,PhD,New York,527837.4206645326
CUST-1933,49.0,101149.90939423398,29.167088606023775,High School,Los Angeles,661328.0860380483
CUST-1934,51.0,60415.87415350816,29.740965506273117,High School,New York,
CUST-1935,45.0,45439.94117541731,25.159714570590264, high school ,New York,349887.7736783049
CUST-1936,48.0,56342.0711779032,25.5862148640253, high school ,Los Angeles,430214.99676932837
CUST-1937,,87497.5283829637,5.711111318041424,Bachelor,Los Angeles,454174.57762567437
CUST-1938,56.0,47080.71641750929,38.298961788647844,High School,Chicago,423232.18911394064
CUST-1939,43.0,44016.15986699493,24.141221119958374,PhD,New York,326442.6664831714
CUST-1940,51.0,,28.540795060385182,PhD,Los Angeles,393552.3913203377
CUST-1941,,40933.42783482575,50.7228346345462,Bachelor,New York,456305.89677551517
CUST-1942,,62453.40631989591,47.413716912482705,PhD,Chicago,515319.98595507146
CUST-1943,20.0,92493.56916939121,-999.0, high school ,Chicago,
CUST-1944,67.0,,46.901206825725076,,Chicago,538820.0020826806
CUST-1945,29.0,54952.92995747425,4.260367320935671,Master,Chicago,324229.3697047042
CUST-1946,18.0,54163.77462168912,0.0,Bachelor,Los Angeles,244086.18150690902
CUST-1947,71.0,28736.18382606686,-999.0,Master,Houston,382825.438621647
CUST-1948,61.0,77662.19554294318,39.39828050571835,High School,Los Angeles,606974.8581867168
CUST-1949,22.0,58443.25605974396,0.0,,Los Angeles,325096.15608349623
CUST-1950,47.0,56390.401728187484,26.777957458704368,Master,Chicago,438320.15637517435
CUST-1951,47.0,123862.15135689722,26.502947217881022,Bachelor,New York,707999.3187641314
CUST-1952,74.0,65975.05816731372,52.61146173604296,Master,Chicago,573747.0860531911
CUST-1953,34.0,44964.178998096315,11.488416999683274,Master,Chicago,312859.96065805637
CUST-1954,65.0,51472.84807588914,46.097414252833126,MASTER,Los Angeles,506426.4473382738
CUST-1955,64.0,82968.91418393509,46.31081422617659,PhD,New York,559502.4836841655
CUST-1956,40.0,62265.40821075529,18.032877032306924,Bachelor,New York,361406.9353690734
CUST-1957,32.0,31234.440433652668,9.775666165690359,Master,UNKNOWN,250618.08298357428
CUST-1958,54.0,78384.57869150407,33.98241533082399,Bachelor,Chicago,528755.6162100201
CUST-1959,38.0,46637.11828922012,16.283941240506028, high school ,New York,298925.8362915567
CUST-1960,31.0,,9.721205598673532,Master,Los Angeles,
CUST-1961,19.0,81600.96131429297,0.0,Master,Chicago,381828.90837571566
CUST-1962,28.0,51053.562086824975,3.1812878249854144,Master,Houston,
CUST-1963,68.0,85620.32723470226,49.63660464970534,PhD,New York,
CUST-1964,56.0,61357.11021054807,35.145361048658685,PhD,New York,464982.177793928
CUST-1965,55.0,77055.4735024444,33.17701371087564,High School,Phoenix,527331.9083495587
CUST-1966,,69694.6563458895,29.8215316915571,Bachelor,New York,494292.4655103698
CUST-1967,-55.0,43072.86690018253,33.924858710041036,Bachelor,New York,402161.10641260876
CUST-1968,67.0,47129.00335365076,42.53759739311015,Bachelor,N/A,463840.5111846248
CUST-1969,51.0,80599.21635162322,32.98987645490647,PhD,Chicago,565006.6515447132
CUST-1970,35.0,53304.493357869185,14.082651264541237,Bachelor,New York,318847.0351342637
CUST-1971,47.0,51927.030735160064,26.88600426089475,Master,New York,377382.980966983
CUST-1972,32.0,40897.54841301294,12.903099541148086,bachelor,New York,289974.0578680594
CUST-1973,44.0,68471.98131186923,20.957675084879398,bachelor,New York,423812.2146170592
CUST-1974,68.0,101250.4983848629,47.94694379807046,Master,Phoenix,701340.4083254138
CUST-1975,51.0,38649.34171491454,29.464717818202413,,Los Angeles,
CUST-1976,69.0,1209687.7826691032,49.69354155043299,Bachelor,Chicago,544390.0028096066
CUST-1977,74.0,88244.41110830859,48.74554515929701,PhD,UNKNOWN,609894.4614060246
CUST-1978,55.0,,33.80181139951746,High School,Los Angeles,464606.3502336616
CUST-1979,50.0,69047.43592499467,27.794358688432077,Bachelor,New York,463253.43628147914
CUST-1980,41.0,38752.12943706241,20.864525901268312,Master,Los Angeles,316164.6029421953
CUST-1981,32.0,68566.14194415297,11.940088374736405,High School,UNKNOWN,411791.1961817683
CUST-1982,47.0,56257.11469990903,24.584748210355947,bachelor,Houston,437609.1373086374
CUST-1983,,79714.59991359725,49.57565227164791,Bachelor,New York,649278.9976166615
CUST-1984,59.0,,37.778669262885344,Master,Chicago,612365.0439947409
CUST-1985,68.0,,45.20671554536958,Bachelor,Chicago,776772.63239694
CUST-1986,34.0,71592.6634642715,14.683967390904254,,UNKNOWN,
CUST-1987,22.0,66515.92633164334,0.2615855991051077,MASTER,New York,333911.05246563134
CUST-1988,46.0,,19.186023561356716,High School,Los Angeles,
CUST-1989,21.0,52936.67414378624,0.0,High School,Phoenix,288017.0574328636
CUST-1990,,66769.67686923382,3.9229123583120553,Bachelor,Los Angeles,345005.62706803187
CUST-1991,73.0,54091.97179721941,48.73744836907811,,Los Angeles,509246.8034149284
CUST-1992,34.0,63369.219525392284,10.525146723554855,Master,New York,366859.516365315
CUST-1993,,,6.21881694366594,Bachelor,New York,
CUST-1994,34.0,39869.14869440718,15.657281656496462,Master,Los Angeles,309644.53262873046
CUST-1995,37.0,82797.57122258091,16.62636894772996,Bachelor,UNKNOWN,479348.15840805625
CUST-1996,41.0,86342.3013467973,18.78699322356852,High School,New York,557619.0421737647
CUST-1997,22.0,57638.629460178425,1.9118083903414054,,Los Angeles,257471.9509868313
CUST-1998,51.0,,29.081819379562017,Bachelor,Chicago,
CUST-1999,23.0,47843.56025811135,0.6107992616737108,Bachelor,New York,252444.389863794
CUST-2000,70.0,85939.89093122218,46.69127466353403,Bachelor,Los Angeles,
CUST-2001,19.0,59542.63875402236,0.0,Bachelor,Chicago,306428.6087081552
CUST-2002,30.0,40013.95535410178,8.22015258688111,Master,Phoenix,257485.07570862013
CUST-2003,,49904.50157543565,39.316106979840264,High School,Chicago,404336.9832151275
CUST-2004,60.0,76812.40053009106,38.80675265997022,Bachelor,Chicago,523152.52543458366
CUST-2005,65.0,70934.67136402758,43.16806614410528,Bachelor,New York,554272.8360776877
CUST-2006,28.0,55221.358016606115,5.108507878606438,Master,UNKNOWN,271718.98486508784
CUST-2007,68.0,52663.51176370625,48.21649238336994,High School,New York,470338.33632955473
CUST-2008,64.0,52164.83701912356,40.36573616010683,Bachelor,Houston,464361.9082935229
CUST-2009,74.0,41551.79631002995,54.55205582768695,Bachelor,New York,437081.14407127624
CUST-2010,40.0,92307.51378938883,16.99556596214655,Master,UNKNOWN,566504.4089977345
CUST-2011,72.0,53553.5906157732,49.49512952529393,Bachelor,Chicago,528074.9549528086
CUST-2012,33.0,84343.17041650994,9.066429618768646,,Houston,416958.0557721432
CUST-2013,48.0,90426.32103844902,25.997195706228727,,New York,533600.7507121571
CUST-2014,28.0,,8.950624916955958,PhD,Los Angeles,371555.4244718105
CUST-2015,71.0,51367.59374563903,51.031256176887915,Master,Chicago,471183.15632233606
CUST-2016,33.0,68074.60180673219,13.95684422405607,High School,Houston,416865.952716773
CUST-2017,,59516.08787218168,5.044285091867872,PhD,New York,310107.87714354973
CUST-2018,21.0,,0.0,,N/A,231686.76362468765
CUST-2019,57.0,66487.18563443205,35.33842155134489,Master,Phoenix,452649.24205193523
CUST-2020,21.0,36419.20417680395,0.0,Bachelor,New York,215335.8001601654
CUST-2021,,83753.58776923128,54.66114980807808,Bachelor,Houston,636496.8636875662
CUST-2022,42.0,50707.65405403214,18.606422707147377,PhD,Los Angeles,347307.95342165936
CUST-2023,20.0,64023.19311745679,0.7873953787782217,bachelor,Los Angeles,318144.69263006386
CUST-2024,49.0,65665.75743092284,29.78590774021754, high school ,Los Angeles,426564.9186374983
CUST-2025,20.0,54821.900525918456,2.6592404034321744,PhD,Chicago,255849.16528343502
CUST-2026,44.0,71733.8760295055,22.180626814741004,Bachelor,Chicago,479539.1843020834
CUST-2027,46.0,,26.424644319160326,,Los Angeles,385507.4077989962
CUST-2028,49.0,77425.94594914488,32.563303673077684,High School,Chicago,545857.8938292207
CUST-2029,67.0,33080.40639506503,44.764716646132605,Master,Chicago,391772.4346037534
CUST-2030,68.0,62527.591590928234,43.92991950493528,PhD,Chicago,518738.6865442133
CUST-2031,36.0,98778.5799811657,11.239979932184472,High School,New York,489073.28424512997
CUST-2032,38.0,39993.37350788851,18.425424057722662,High School,Phoenix,285487.285539637
CUST-2033,22.0,46445.10058950297,0.0,High School,Los Angeles,241318.34464266975
CUST-2034,35.0,70278.1569931783,13.255361894124155,,New York,457345.47210848914
CUST-2035,45.0,63591.63563879196,24.87462637407792,High School,New York,445460.15529926453
CUST-2036,59.0,67012.60198547118,38.370351073659826,bachelor,Los Angeles,543569.291698338
CUST-2037,39.0,69783.74260295327,18.850889728368344,Bachelor,Phoenix,444017.95354576287
CUST-2038,38.0,72694.4293712354,17.44457971160171,PhD,Los Angeles,6906027.813978029
CUST-2039,23.0,82193.99683912446,4.557731626626786,Bachelor,Chicago,420974.28605968674
CUST-2040,,,0.0, high school ,New York,339789.27028017194
CUST-2041,22.0,55174.84690762915,0.0,Bachelor,Los Angeles,257807.92184006414
CUST-2042,58.0,1469029.4804810924,35.45468110945835,Master,N/A,514285.9920217978
CUST-2043,29.0,97997.6386979043,9.66038362372522,Bachelor,Houston,508326.35016981576
CUST-2044,43.0,57347.325072348525,23.800797176790127,High School,New York,434105.85017006675
CUST-2045,,40509.41390658717,42.90245063863701,Bachelor,Los Angeles,353481.2013607788
CUST-2046,51.0,82141.61338573946,32.36698733377985,Bachelor,?,573383.6827550683
CUST-2047,66.0,57592.376720928034,42.64391826524724,Master,Los Angeles,462677.5691659333
CUST-2048,31.0,16546.609079719274,13.334448223102275,MASTER,Houston,126661.10584630321
CUST-2049,43.0,76948.43354300843,25.046477243424516,Bachelor,Houston,515405.93592477305
CUST-2050,62.0,49293.436280921545,42.471243994491495,Bachelor,New York,460531.6469784809
CUST-2051,44.0,58189.33435391678,26.56359781754212,High School,UNKNOWN,438905.7656047816
CUST-2052,26.0,66639.6066113803,1.6867535846444524,Master,Chicago,363956.0391937841
CUST-2053,43.0,,20.951103727474695,MASTER,Los Angeles,465994.40740597504
CUST-2054,74.0,74189.03634278079,51.5293930786361,,Los Angeles,613406.938702034
CUST-2055,64.0,,44.442958647514686,,Chicago,456223.16818817914
CUST-2056,74.0,70262.11596352165,50.89971852079571,Bachelor,Chicago,588451.8368312682
CUST-2057,39.0,54809.06644832165,19.51499029867497,Bachelor,Los Angeles,394772.49812212144
CUST-2058,64.0,74776.20961775006,45.741072287993426,PhD,Los Angeles,550231.7770123526
CUST-2059,73.0,72307.34968026108,53.390405800168,,New York,578757.0763983943
CUST-2060,47.0,41291.225959108095,26.567502047323003,High School,Houston,328289.0225930078
CUST-2061,60.0,81719.64232350065,37.024253318198504,Bachelor,Los Angeles,516196.58044121513
CUST-2062,65.0,49280.731097719035,42.30629806774927,Master,New York,449634.1443534221
CUST-2063,34.0,76161.15596562291,15.499237810593334,Master,Houston,393069.6976783074
CUST-2064,,,23.558698007810666, high school ,UNKNOWN,439558.4350528681
CUST-2065,53.0,96763.67353590246,31.921960961244913,Bachelor,UNKNOWN,632334.6576986772
CUST-2066,18.0,55530.68035256296,0.0,Bachelor,Los Angeles,264966.1500704374
CUST-2067,25.0,53013.66407763605,0.0,Master,New York,317989.385104034
CUST-2068,66.0,59611.60788224535,42.85829516263112,Master,Los Angeles,459314.59847253526
CUST-2069,52.0,53936.40434331449,34.82283817427945,,New York,454963.8511085494
CUST-2070,69.0,75998.838038841,45.43908885799507,MASTER,UNKNOWN,598690.4641589428
CUST-2071,32.0,27673.78783126824,11.378959642442162,Bachelor,New York,163768.09296026637
CUST-2072,64.0,38926.35161707292,45.014887946390395,bachelor,New York,473983.1035920126
CUST-2073,73.0,38643.941568416136,49.49015466399541,Bachelor,Los Angeles,430274.56891225965
CUST-2074,39.0,79006.15183947151,18.369420949562166,PhD,Los Angeles,447198.8455724175
CUST-2075,31.0,94212.2674516385,11.87583107502131,MASTER,Houston,
CUST-2076,43.0,,22.024998643814502,Bachelor,Los Angeles,385674.11557157926
CUST-2077,45.0,56623.565536199785,29.736806111333536, high school ,New York,408331.2914371507
CUST-2078,40.0,,15.662801482243609,Master,New York,385859.2373404088
CUST-2079,31.0,83237.5660521638,12.117457059767759,MASTER,Los Angeles,449976.5145084414
CUST-2080,41.0,41452.937316188516,-999.0,PhD,New York,322832.0402513469
CUST-2081,19.0,,0.0,Bachelor,Chicago,310262.4626295495
CUST-2082,62.0,79503.95259564859,41.88261430339849,Bachelor,Chicago,528041.5266596023
CUST-2083,43.0,70021.8833987969,20.533687605780006,Bachelor,Chicago,437465.500720685
CUST-2084,31.0,,10.45799278491868,Bachelor,UNKNOWN,305749.382514311
CUST-2085,73.0,80020.92185134282,48.284197097203425,Bachelor,?,
CUST-2086,68.0,5935.3541400152535,48.206495001142784,Bachelor,UNKNOWN,248846.0728764311
CUST-2087,24.0,73557.50639061816,3.5963169319810513,Master,New York,
CUST-2088,20.0,,0.27732033728620475,High School,New York,274817.02406850556
CUST-2089,64.0,23387.342062870863,45.1162366501743,Bachelor,Los Angeles,312873.0318517418
CUST-2090,40.0,70224.05199049962,19.735239680419422,Bachelor,Phoenix,461745.3594613095
CUST-2091,63.0,87473.17090325916,42.29617883959655,PhD,N/A,604183.066416302
CUST-2092,60.0,57251.02970744616,37.23786332667741,,Phoenix,503173.0937151796
CUST-2093,64.0,79057.49094405878,41.5755584727019,Bachelor,New York,567356.5693364149
CUST-2094,62.0,,43.37346924035466,,UNKNOWN,617213.1263023748
CUST-2095,35.0,86298.28907168095,16.872670811411957,MASTER,Los Angeles,508641.2745166824
CUST-2096,55.0,,-999.0,High School,New York,589773.401784962
CUST-2097,52.0,,31.092005494506548,Master,Los Angeles,487031.2528267647
CUST-2098,68.0,61508.672778031854,45.19077125001247,PhD,New York,502415.34498358594
CUST-2099,32.0,27960.68376205663,13.34551369053489,Master,Los Angeles,212744.45469628446
CUST-2100,,55078.75023740103,22.330833647383557,PhD,Los Angeles,411401.3802915767
CUST-2101,,,54.8824348729275,,Los Angeles,418402.9174038358
CUST-2102,,103418.85434995627,31.243353845640524,PhD,Chicago,640691.9225854853
CUST-2103,,56482.283751353265,23.243984201963567,Bachelor,Phoenix,407024.81935333146
CUST-2104,27.0,62464.09613568972,6.462891845051145,Bachelor,Chicago,345813.3225205521
CUST-2105,56.0,,36.29297907545154,Master,Los Angeles,545259.250305835
CUST-2106,74.0,60872.048927449076,52.568664724904735,bachelor,Houston,540771.5811042719
CUST-2107,34.0,93901.02080861505,11.254077819092599,Master,UNKNOWN,502703.0410413969
CUST-2108,,47547.01276531096,36.76281505784714,High School,New York,423058.2412927743
CUST-2109,39.0,63892.14910474485,19.442270725091163, high school ,Los Angeles,406824.32852040906
CUST-2110,43.0,45150.588286039034,20.16745179887255,Bachelor,New York,
CUST-2111,61.0,,42.71088560221099,PhD,New York,383734.23178642895
CUST-2112,42.0,47764.61818189429,23.34039741839321,PhD,Chicago,331648.76674328785
CUST-2113,34.0,59259.26405903176,13.268592994495586, high school ,Phoenix,
CUST-2114,30.0,51413.9555096548,9.159195724752072, high school ,New York,290640.5364235625
CUST-2115,37.0,,17.108115542231815,,Houston,348333.1874422085
CUST-2116,42.0,31873.650726563323,19.276593859487484,Bachelor,Phoenix,183735.8009483546
CUST-2117,21.0,58337.888547426104,0.06006295832816434,High School,UNKNOWN,304090.65820747556
CUST-2118,27.0,29905.592519379956,1.6952329107816393,Bachelor,New York,181017.6604245603
CUST-2119,20.0,75201.11927379205,0.7529112910058711,High School,UNKNOWN,328642.0091241288
CUST-2120,58.0,61648.79505869006,33.87701355511628,MASTER,Los Angeles,473793.78790785413
CUST-2121,62.0,30848.97001070139,44.006839656858,Master,Chicago,375734.68381451856
CUST-2122,35.0,53815.81845900273,13.339759812067099,PhD,New York,
CUST-2123,64.0,,42.576666036137645,Master,New York,359740.22002913675
CUST-2124,53.0,66383.4902083836,30.744532187830988,Master,Chicago,504619.0377975802
CUST-2125,64.0,86809.00892046289,42.42392225215585,Bachelor,Los Angeles,595468.8892814296
CUST-2126,39.0,22496.55060708511,20.837062690296072,High School,New York,
CUST-2127,51.0,62300.52158294834,25.02438268692984,MASTER,New York,450452.3397011142
CUST-2128,64.0,56797.34408866719,45.55393077217637,MASTER,Chicago,466332.41357504914
CUST-2129,25.0,,4.676046962203416,Bachelor,?,398460.246575941
CUST-2130,57.0,64263.932564753784,33.58595670428557,bachelor,Houston,
CUST-2131,66.0,,42.849375213901524,High School,New York,378086.45630175696
CUST-2132,61.0,53618.92128666764,43.352786054416406,Bachelor,New York,492037.0520914481
CUST-2133,36.0,44079.48286393022,13.108986240114538,Bachelor,Los Angeles,272308.5075326236
CUST-2134,59.0,81520.14277197196,35.69329897880808,Bachelor,Los Angeles,
CUST-2135,58.0,60426.23297343885,39.27462908472946,MASTER,Los Angeles,466665.2889337452
CUST-2136,54.0,98023.81371506015,33.677105752571826,PhD,?,629944.3971086708
CUST-2137,23.0,58786.78372370759,0.1241488469272023,High School,N/A,297981.2130269132
CUST-2138,69.0,45831.86466179074,48.43324995080924,Bachelor,Chicago,468744.81394816533
CUST-2139,43.0,29725.712147743456,19.948494632719445,High School,New York,224623.9543997874
CUST-2140,51.0,23937.206474881095,32.20164279684521,Bachelor,Los Angeles,262262.6982667322
CUST-2141,73.0,28317.281139890205,54.12274192974627,Master,Phoenix,396396.0641107064
CUST-2142,62.0,,42.064012397643886,PhD,Los Angeles,560680.6181004328
CUST-2143,,70174.50046459868,2.723322122494033,Bachelor,New York,355609.9049978322
CUST-2144,54.0,,36.52237624973475,High School,Houston,345390.522157853
CUST-2145,74.0,77900.76628152232,52.99937265477645,,Chicago,621515.4454507877
CUST-2146,,50338.778966331214,26.636251749158397,PhD,Chicago,369341.7946600264
CUST-2147,70.0,62935.860239710986,49.898947825664614,Master,New York,
CUST-2148,39.0,92244.41256510849,22.17209409907423,Master,New York,
CUST-2149,38.0,77936.78631731065,14.970481013628296,Bachelor,Chicago,467718.12494280125
CUST-2150,23.0,54629.387041883354,1.2770744666120284,,New York,318528.7467777251
CUST-2151,23.0,42176.155491694255,2.8328920762029055,MASTER,Los Angeles,241783.39713339086
CUST-2152,72.0,16963.6919734139,-999.0,Bachelor,Los Angeles,366690.126754872
CUST-2153,65.0,45616.933615151596,42.03539283924537,High School,New York,404762.63634517614
CUST-2154,21.0,55777.39522344611,2.2437157124609417, high school ,UNKNOWN,278863.6629225396
CUST-2155,47.0,40256.409456976326,30.640081444034518,Bachelor,Houston,325466.5235333053
CUST-2156,28.0,,7.392262918047814,Bachelor,?,330224.77648770734
CUST-2157,47.0,61537.03765917537,24.191863420527998,PhD,New York,411018.3000983878
CUST-2158,48.0,55502.88036383843,23.90207894989305,,New York,411713.52191280696
CUST-2159,41.0,46999.948383530806,20.51595196244236,MASTER,Los Angeles,311272.5808224047
CUST-2160,72.0,63373.09343933455,53.20775468663251,Master,New York,553877.9588699351
CUST-2161,26.0,68838.81299138819,5.950335492990764,High School,N/A,383797.1127155255
CUST-2162,72.0,38192.01845114308,50.99519231816229,Bachelor,New York,381217.0906086155
CUST-2163,20.0,,0.0, high school ,Los Angeles,480024.69686041935
CUST-2164,68.0,58028.23735431476,44.81567273456382, high school ,Los Angeles,490495.289176111
CUST-2165,48.0,,28.669502652649765,Bachelor,Chicago,379078.97618108126
CUST-2166,,74164.28846513115,37.82754324277117,,New York,536674.2752858234
CUST-2167,54.0,,29.908540426618533,Bachelor,Los Angeles,7629743.485228415
CUST-2168,53.0,,35.17967795636137,Bachelor,New York,538773.9714319638
CUST-2169,,65742.48330403649,-999.0,High School,Phoenix,445565.3800166949
CUST-2170,48.0,47751.25250719124,29.799189290291586,Master,New York,394964.32843891176
CUST-2171,23.0,67230.07050412204,0.0,Bachelor,UNKNOWN,344482.2220441453
CUST-2172,19.0,37125.475853586766,0.0,Bachelor,Houston,206818.53218980663
CUST-2173,37.0,,15.702061380465405, high school ,New York,379767.59642533114
CUST-2174,45.0,,25.00556885379039,PhD,Houston,453913.2786343709
CUST-2175,28.0,55837.662854549206,10.592721645853928,Master,New York,288067.74732408905
CUST-2176,21.0,57429.24977122139,1.412157827630263,Bachelor,N/A,297659.38930878445
CUST-2177,,22363.019090047215,10.514637446375934, high school ,Los Angeles,181803.11402405976
CUST-2178,23.0,,0.0,High School,Los Angeles,275446.7684549283
CUST-2179,71.0,61856.89802282229,52.4600011454383,Bachelor,Los Angeles,521139.69760339276
CUST-2180,66.0,63197.12783994801,43.07058914849857,Bachelor,?,469007.0276653484
CUST-2181,47.0,39446.49718148084,-999.0,Bachelor,N/A,339700.6240477525
CUST-2182,73.0,,51.43123070078698,Bachelor,New York,654738.160085649
CUST-2183,55.0,42676.50303570998,37.1811641452357,Master,Chicago,423327.7413325933
CUST-2184,68.0,79389.14401053474,48.35786258011856,MASTER,Los Angeles,
CUST-2185,74.0,68543.8872374337,52.72600902111508,Master,UNKNOWN,606492.8637997148
CUST-2186,,47075.453803123935,0.0,High School,New York,299524.9012147357
CUST-2187,32.0,95506.21785219024,10.31818424530784,Master,Los Angeles,499288.41088271764
CUST-2188,28.0,36127.2633648704,7.8566333847504755,High School,Los Angeles,195869.02980883763
CUST-2189,25.0,78383.08347220003,4.154312992435433,High School,Chicago,
CUST-2190,43.0,80011.64636085957,20.81237718386259,Bachelor,New York,487339.66435974033
CUST-2191,68.0,46587.5958184671,-999.0,Master,New York,465745.089596369
CUST-2192,62.0,87849.30600128658,41.1571540594383,PhD,New York,597008.4709381533
CUST-2193,61.0,54999.06970802094,35.74253181117037,Bachelor,Chicago,485103.3724732889
CUST-2194,22.0,65773.87258559714,1.9163362295773974,Master,New York,306868.1274487177
CUST-2195,,65206.436775424416,0.040557550566386436,Master,Chicago,284570.509336789
CUST-2196,43.0,57313.82517058904,19.69333519358851,,New York,409159.97945559915
CUST-2197,71.0,76216.16546319565,46.62531130577858,Master,Phoenix,532483.1527215611
CUST-2198,21.0,75869.77441104426,0.0,High School,UNKNOWN,367810.7406278813
CUST-2199,-36.0,,12.289104993775421,Master,Los Angeles,281441.4656200912
CUST-2200,37.0,86086.80485756305,14.58195808473902,,Los Angeles,486335.4072892525
CUST-2201,50.0,26750.160239286517,32.90651827505314,Master,New York,266076.0846345425
CUST-2202,37.0,80650.92408683314,14.948240648209593,bachelor,New York,461838.94374070805
CUST-2203,66.0,,45.355500212536064,Master,New York,
CUST-2204,29.0,,8.800962773012657,PhD,Chicago,245732.158108498
CUST-2205,64.0,51783.7142409083,43.2621303724317,PhD,Los Angeles,475369.6797553729
CUST-2206,,37885.906630281286,0.0,Master,UNKNOWN,171508.8006270723
CUST-2207,43.0,55701.57939422529,19.60941247280151,Bachelor,Los Angeles,
CUST-2208,31.0,53839.31431628518,12.901855096558425,Bachelor,Chicago,333610.336822274
CUST-2209,55.0,75593.2106453868,37.61439328727577,Bachelor,Los Angeles,553682.4789261131
CUST-2210,54.0,86206.17492239217,29.634682611754627,bachelor,Los Angeles,542128.0999921375
CUST-2211,28.0,87913.67621579912,4.951942818227241,Bachelor,New York,484626.9248506661
CUST-2212,53.0,48756.63946843396,31.440379315245988,Bachelor,Los Angeles,386799.7053333642
CUST-2213,30.0,55815.562525109446,7.070924410179617,High School,Los Angeles,
CUST-2214,60.0,26331.236155581,40.01193110691173,Bachelor,Chicago,305198.7040911719
CUST-2215,20.0,,0.0,Master,UNKNOWN,202548.40335528983
CUST-2216,,79297.03266194915,33.330112135613206,Bachelor,Los Angeles,549032.1160469329
CUST-2217,23.0,92311.65647096463,4.381097188687193, high school ,New York,451955.57493021776
CUST-2218,67.0,35313.02256240156,46.42514806126443,bachelor,Los Angeles,377338.46852699085
CUST-2219,73.0,48150.71481694211,54.05397252663946,bachelor,Los Angeles,
CUST-2220,27.0,,8.211800848714617,,New York,350232.71121277596
CUST-2221,,65603.22317639213,0.0,High School,Houston,
CUST-2222,40.0,43807.92960156708,17.36756551091607,Bachelor,N/A,306297.00644974597
CUST-2223,,68481.2208892818,6.156286125939295,Bachelor,UNKNOWN,367510.04613676347
CUST-2224,61.0,50523.21305858168,41.72327224899589,Bachelor,New York,
CUST-2225,,59710.95458243442,0.0,Master,Phoenix,260421.13548661693
CUST-2226,30.0,,5.846007035618006,Master,Chicago,390110.5506583761
CUST-2227,57.0,60128.445396218754,34.39435111209831,Master,Los Angeles,440835.3235904619
CUST-2228,19.0,51272.28218946863,0.0,Bachelor,Los Angeles,285643.39263461926
CUST-2229,37.0,57807.803921483384,15.84866879134834,Master,Houston,387351.30162698386
CUST-2230,18.0,58232.740815893296,0.9450843535796163,High School,Los Angeles,309861.8033911446
CUST-2231,,52599.779402357446,30.228024115202004,Master,Los Angeles,453877.3743390294
CUST-2232,26.0,54824.07874665795,6.011178483671749,High School,Los Angeles,301664.6566173964
CUST-2233,34.0,,15.97822621665658,Bachelor,Chicago,529034.9721429902
CUST-2234,26.0,71218.38895882477,9.542899490845592,High School,?,373501.4243723474
CUST-2235,28.0,54090.39363941679,6.191205153632078,,UNKNOWN,365289.6346599899
CUST-2236,32.0,,11.9828589054404,Bachelor,Chicago,466265.3144331879
CUST-2237,,53323.6102048798,21.139520714397293,Bachelor,Chicago,365171.81892809574
CUST-2238,55.0,83462.49275173282,34.39096346310658,PhD,New York,570918.7635197473
CUST-2239,72.0,67392.84384396188,-999.0,High School,Chicago,597657.1660745128
CUST-2240,52.0,57853.95711991542,31.87195077900009,Master,New York,430280.1717562671
CUST-2241,,68954.33851620555,20.935507829560628,Bachelor,New York,427185.44504161424
CUST-2242,48.0,28582.476958630014,-999.0,bachelor,Los Angeles,307563.3070293829
CUST-2243,66.0,37464.6506218039,45.25235580732394,PhD,Los Angeles,405308.9763721811
CUST-2244,22.0,36121.49987201889,0.5550502064434693,Master,Chicago,201786.7612845469
CUST-2245,61.0,62858.86189527414,44.09372439143912,Master,New York,485789.2681263518
CUST-2246,67.0,94650.29998970183,44.6501319624189,Bachelor,Los Angeles,617434.94213183
CUST-2247,31.0,104626.00292385265,9.193848021869938,PhD,New York,550802.1174699243
CUST-2248,70.0,72761.02202881515,52.98310660440947,Master,N/A,613997.9699802515
CUST-2249,73.0,70016.88949888914,50.33587739030029, high school ,Chicago,569938.466189001
CUST-2250,28.0,23978.84531694522,5.899769434126922,Master,Chicago,203514.8502176059
CUST-2251,26.0,49146.52400531957,4.7059491531383,Master,Los Angeles,256679.2973479643
CUST-2252,51.0,44244.32496183522,31.6814689642591,Master,New York,344276.2578468878
CUST-2253,29.0,47583.04803497768,8.415605014706626,MASTER,N/A,281189.7735216161
CUST-2254,52.0,56637.12362830421,28.414749305695473,High School,New York,416046.4898606731
CUST-2255,52.0,50558.18844605745,29.93566287374562,Master,Los Angeles,414568.0549118759
CUST-2256,,20414.003792484247,0.0,High School,Chicago,
CUST-2257,57.0,74958.20512235067,35.84555790955391,Master,New York,564550.9526996122
CUST-2258,39.0,38545.139485203865,18.851687317259657,Master,Houston,337681.1136979027
CUST-2259,46.0,64784.93728222299,25.836411511775943,Bachelor,Los Angeles,437062.85163112276
CUST-2260,25.0,,0.44797649190319566,Master,New York,526754.1302578151
CUST-2261,28.0,41612.30816827153,9.127881975121712,,New York,230226.6059169555
CUST-2262,,9394.249545073406,37.50513769199325,MASTER,New York,268670.074558358
CUST-2263,54.0,54279.915562397786,35.769064095187815,Bachelor,Phoenix,458748.7225303401
CUST-2264,31.0,82019.19269997142,10.888396654581344, high school ,Chicago,469837.48911836237
CUST-2265,47.0,99166.94908441187,28.202645915471525,Master,New York,
CUST-2266,52.0,35409.00811095166,31.933090622900252,PhD,New York,259283.58483693242
CUST-2267,,1398679.6892946085,19.692451512405498,Master,Chicago,414737.10603720014
CUST-2268,54.0,50693.790864398936,34.04450127203556,Bachelor,Chicago,395607.6622637869
CUST-2269,22.0,57881.03291391729,0.8041695071141919,,Los Angeles,
CUST-2270,,112886.8669403407,19.544869440893763,Bachelor,Los Angeles,623681.584667891
CUST-2271,31.0,,11.778074244559784,PhD,New York,206092.80704008468
CUST-2272,,65074.79322989147,23.147488842008826,Master,Chicago,406163.73581641255
CUST-2273,21.0,69353.86343530867,0.0,High School,N/A,317122.3817526935
CUST-2274,42.0,,18.423384765072925,Bachelor,New York,468103.0989026293
CUST-2275,62.0,61959.66306941791,41.58543096428371,Bachelor,Chicago,524612.2570014799
CUST-2276,59.0,,38.29104239553648,Master,Los Angeles,484572.0493762913
CUST-2277,42.0,52167.02865156418,19.77175486998337,MASTER,Los Angeles,344193.4258811571
CUST-2278,35.0,65382.53882490215,14.28196539922412,High School,New York,378149.88053415087
CUST-2279,57.0,53136.15449005179,39.17725385608719,Master,Houston,450619.2946187301
CUST-2280,25.0,72431.43779712102,5.390804949100597,Master,Los Angeles,391020.1221475597
CUST-2281,56.0,52607.79327912732,32.717982980494526,Bachelor,Los Angeles,342772.6052164775
CUST-2282,57.0,,35.77698234571411, high school ,Los Angeles,522310.86283402925
CUST-2283,31.0,,8.390067038294879,PhD,New York,374945.74873933045
CUST-2284,49.0,82521.00501544337,27.224600167182878,Bachelor,New York,500263.659637002
CUST-2285,,58972.12552823027,46.172768668740716,Master,Chicago,481585.41476488754
CUST-2286,,24539.35063586237,33.04470883479199,Bachelor,New York,280804.8696712999
CUST-2287,50.0,85238.43001427983,26.48972925605321, high school ,Chicago,519142.0223460038
CUST-2288,40.0,41885.35398274762,18.744690636963618,Bachelor,Los Angeles,310316.33668192034
CUST-2289,32.0,46924.6732270236,9.87878472630538,PhD,Los Angeles,
CUST-2290,50.0,,-999.0,Bachelor,Los Angeles,332865.6011951536
CUST-2291,42.0,87488.76186341635,25.105944049003327,High School,Los Angeles,570497.1905367563
CUST-2292,34.0,17286.51572042609,15.177539308433344,High School,New York,151116.439483517
CUST-2293,50.0,122754.97067319987,28.24739855015001,PhD,Los Angeles,743225.2706324226
CUST-2294,64.0,81121.13618132104,43.0376380994812,PhD,Chicago,599041.4820041417
CUST-2295,72.0,64464.7782825832,48.65669130536487,bachelor,Chicago,498829.88332301256
CUST-2296,19.0,58902.119987674276,-999.0,Bachelor,New York,313617.1070918046
CUST-2297,31.0,,13.794577389546223,Bachelor,Los Angeles,380641.9163510065
CUST-2298,70.0,,49.31338745649305,Bachelor,New York,558454.5045173761
CUST-2299,57.0,,38.04706128837069, high school ,New York,533834.5139299174
CUST-2300,57.0,71112.08932006898,36.35057355786785,Master,New York,526421.9597530838
CUST-2301,68.0,61791.613625104976,44.32654912224814,High School,Phoenix,530731.7042290823
CUST-2302,56.0,56053.23159385348,34.17635326207269,PhD,New York,468224.92314725876
CUST-2303,68.0,56974.53432692977,47.263855933543915,Bachelor,New York,510380.3700912746
CUST-2304,23.0,56101.83439294638,1.0909045625131117,,New York,255840.116236139
CUST-2305,23.0,82675.40193734129,1.562693445129928,Bachelor,New York,399386.2526121458
CUST-2306,20.0,71871.13444561724,0.0,Master,Chicago,426996.3133869931
CUST-2307,24.0,1192.2273067143979,2.8382430042690774,Bachelor,New York,67992.02840256522
CUST-2308,68.0,73118.01553059522,47.104516980994966,Bachelor,New York,631576.8033509508
CUST-2309,25.0,,1.8787898672067982,bachelor,Chicago,
CUST-2310,59.0,59625.82487108205,36.56596770174413, high school ,Los Angeles,472559.16681399534
CUST-2311,69.0,52229.63093822228,45.43083146860006,Bachelor,Chicago,482361.0103723284
CUST-2312,32.0,82482.25439972027,12.9556310993724,Bachelor,Chicago,457122.53709993727
CUST-2313,64.0,78950.52924245715,38.788706116319354,Bachelor,New York,524198.38454385276
CUST-2314,46.0,44542.446643527815,27.30718068663385,PhD,Chicago,351813.73326748237
CUST-2315,50.0,68141.0457424907,31.772698794525688,High School,New York,507219.66603834013
CUST-2316,,,47.395638826034755,Bachelor,Los Angeles,413246.81049885845
CUST-2317,,32407.63670422139,20.7937258243454,Bachelor,Los Angeles,289014.3676185777
CUST-2318,56.0,47465.655508200696,34.27737887606542,High School,New York,421717.3625624293
CUST-2319,44.0,,22.87163167742236,PhD,Chicago,459488.29656390345
CUST-2320,53.0,79062.50090752174,29.978803560142172,Bachelor,Phoenix,513935.0931556828
CUST-2321,46.0,70261.70840194586,23.969563212383516,PhD,N/A,431638.59018397797
CUST-2322,55.0,74501.91573695994,37.0603903977267,Bachelor,Chicago,508385.6518422647
CUST-2323,74.0,70323.56574229916,54.32985432460348,,Los Angeles,558255.4767228302
CUST-2324,50.0,943407.3619108192,27.1508717712438,High School,New York,346208.06020921504
CUST-2325,54.0,68638.45089347882,29.804801660809137,High School,New York,514773.82602302806
CUST-2326,44.0,76008.19050455364,22.345965364780458,Master,Los Angeles,452187.8276375754
CUST-2327,72.0,75085.82659627148,50.573086441299125,MASTER,Los Angeles,600766.9594836363
CUST-2328,50.0,83778.26742949286,29.992398374726633,Master,UNKNOWN,529407.6797151238
CUST-2329,,74166.07694402128,0.0,High School,Los Angeles,394718.9946740192
CUST-2330,39.0,67028.96415083166,19.022999150723724,Master,Los Angeles,449978.3935460041
CUST-2331,,,1.8703080801204583,bachelor,Los Angeles,
CUST-2332,27.0,59469.5748150188,7.631002044888525,MASTER,Houston,338659.45662981906
CUST-2333,22.0,,0.9038229853384548,Bachelor,Chicago,220566.26192449834
CUST-2334,27.0,,5.633699057893411,MASTER,Chicago,282928.2028139602
CUST-2335,50.0,45101.94710387102,-999.0,High School,Los Angeles,411406.9451903953
CUST-2336,71.0,46496.43450051237,52.36128182490429,High School,Houston,453825.9752832047
CUST-2337,55.0,57109.62658568964,32.7453731080974,,New York,454320.5976357166
CUST-2338,30.0,,9.090445417999964,,Phoenix,297442.68267958827
CUST-2339,48.0,53840.769407219195,27.10239580376217,bachelor,Los Angeles,381708.6373211397
CUST-2340,64.0,22127.70666092429,41.99643161437694,Bachelor,Los Angeles,347514.2880001892
CUST-2341,53.0,64265.87414745877,29.2550689042318, high school ,Los Angeles,475566.9704597313
CUST-2342,62.0,,41.64594900723534,Bachelor,Chicago,531245.4356888504
CUST-2343,41.0,43658.22737863619,19.877992056289234,Bachelor,New York,305862.33771206276
CUST-2344,69.0,1463698.267372962,49.00048093887314,Master,Phoenix,547686.952543543
CUST-2345,73.0,78751.40275253117,50.93279938712167,Master,Los Angeles,
CUST-2346,32.0,27848.802712620516,13.441642597626096,PhD,Los Angeles,218865.87856302893
CUST-2347,46.0,44745.50442867572,23.24645243757631,,New York,341549.4454188961
CUST-2348,,44617.15300425404,7.4240805680357855, high school ,Los Angeles,250713.48281638676
CUST-2349,22.0,41201.93797782271,0.0,Bachelor,Los Angeles,170678.78442577113
CUST-2350,46.0,76589.49683863496,25.869540129113783,Bachelor,Los Angeles,
CUST-2351,64.0,56123.47722454393,43.95086136505325,Bachelor,Chicago,529716.8435826624
CUST-2352,21.0,54709.703173787784,0.0,Master,Los Angeles,289299.94523512013
CUST-2353,29.0,19922.75271186493,8.848787875722024,MASTER,N/A,
CUST-2354,62.0,72708.36060418453,43.559037339520316,PhD,Chicago,565175.8673912688
CUST-2355,19.0,35214.83210293055,0.0,High School,Houston,196892.91121024746
CUST-2356,44.0,,24.00548961498163,Bachelor,New York,436702.0547406168
CUST-2357,48.0,65547.53875916383,22.013458359339843,,Los Angeles,442888.6415238984
CUST-2358,68.0,87213.17191677302,45.068670392953585,Master,Los Angeles,621848.3555630075
CUST-2359,68.0,33823.59201761776,50.25833272980189,Master,Chicago,385081.43951846677
CUST-2360,53.0,-390.24311641651,30.836435933215892,Bachelor,Phoenix,164028.8723937565
CUST-2361,53.0,63676.9908950739,29.652240071182057,PhD,New York,462856.4166526454
CUST-2362,43.0,,21.604124542030636,Master,New York,553456.3059339945
CUST-2363,60.0,1695578.5411757748,43.135812676327106,High School,Phoenix,608771.0768718164
CUST-2364,44.0,64193.18830549251,19.33663550558795,Master,New York,423858.0072339906
CUST-2365,22.0,50167.276287359055,0.0,Bachelor,Chicago,279582.2290748703
CUST-2366,37.0,76142.4519327462,18.994863366359255,PhD,Los Angeles,487195.4980174102
CUST-2367,28.0,40529.076005910625,10.715404687075464,Bachelor,Houston,258477.24154979567
CUST-2368,27.0,69527.15538712438,5.7931375514194325,bachelor,New York,338057.1977676265
CUST-2369,57.0,70109.40318333254,33.521894594946716,PhD,New York,492930.39568935684
CUST-2370,,81204.1981499776,38.19168700361832,Bachelor,Chicago,563595.5168709191
CUST-2371,23.0,115193.20077822155,5.188884783498393, high school ,UNKNOWN,522541.83894806495
CUST-2372,25.0,67848.31934357533,5.3578939755244654,Master,Los Angeles,393607.73197522445
CUST-2373,40.0,49820.727485850024,17.37519530212516,Bachelor,Los Angeles,339878.30740546226
CUST-2374,64.0,59488.51375616011,42.90194131832393,,Chicago,501937.9567221994
CUST-2375,43.0,24618.481902217638,21.67927983791034,Bachelor,UNKNOWN,274459.169636867
CUST-2376,63.0,46105.73737821884,42.661702609231156,High School,Houston,414207.35527611955
CUST-2377,60.0,51814.35123773792,41.90200287626267,High School,N/A,463221.6374707094
CUST-2378,29.0,49518.23204130815,9.758834082274806, high school ,New York,292861.9433551627
CUST-2379,43.0,63047.09744067444,19.84524784603048,Master,New York,403145.5103457285
CUST-2380,30.0,43551.60135235599,11.752992900039075,Master,Chicago,256936.37509060965
CUST-2381,57.0,82420.61334648944,36.62626428002631,High School,Houston,
CUST-2382,35.0,60004.14129836394,15.374131591717832,Bachelor,New York,359253.52961590193
CUST-2383,42.0,59813.99357722771,23.933081718557204,Master,New York,
CUST-2384,50.0,53442.10566974164,26.776839500972898,Master,Houston,
CUST-2385,64.0,63103.81367717958,42.92834884258708,Bachelor,New York,538251.921317314
CUST-2386,,76501.9652933527,34.93709089728157,Master,Los Angeles,560875.3954108583
CUST-2387,60.0,42657.395685781994,-999.0,bachelor,Los Angeles,391986.97679125884
CUST-2388,29.0,,8.69341995520984,bachelor,Chicago,274676.21419540833
CUST-2389,61.0,53925.47942446671,45.023113103168846,,Chicago,479233.9968599459
CUST-2390,53.0,33082.5815305357,28.319844510988496,Bachelor,Los Angeles,
CUST-2391,65.0,43614.84280557005,43.93543877790106,Bachelor,Chicago,
CUST-2392,21.0,50475.58252910682,1.281085870149547,bachelor,Chicago,282034.06368078256
CUST-2393,22.0,77487.78361425456,1.2461564033123622,Bachelor,Los Angeles,5981767.61251181
CUST-2394,73.0,65251.2265800385,51.77374389496852,High School,Chicago,557953.7913875855
CUST-2395,54.0,63871.79822735089,30.401567273108352,,New York,453430.7908654375
CUST-2396,25.0,77017.95924335945,4.465573485880327,PhD,New York,386769.58060781466
CUST-2397,,57252.56423201207,36.48647204596815,Master,New York,455334.3269556406
CUST-2398,,67809.29699857779,40.620156590042896,High School,New York,497648.027631784
CUST-2399,45.0,57935.56494135007,26.38918444102746,Bachelor,Los Angeles,433107.1064623569
CUST-2400,48.0,65307.24698799257,28.916771639684086,PhD,Houston,407779.3385850538
CUST-2401,26.0,48344.82684776836,5.103321953702159,Bachelor,?,
CUST-2402,71.0,11223.656834471418,50.458149376411406,High School,?,300217.5075709913
CUST-2403,68.0,57314.41675627392,49.148636025431124,bachelor,Los Angeles,478087.66113433964
CUST-2404,46.0,88454.9627219988,25.448679313556166,Bachelor,Los Angeles,548452.9544546305
CUST-2405,31.0,78524.30804483185,11.80803510952263,bachelor,Los Angeles,396359.7143626493
CUST-2406,57.0,79307.94969182342,35.4050355982523,Master,New York,549593.7259509531
CUST-2407,58.0,,39.62396747714789,Bachelor,New York,551551.7446987145
CUST-2408,39.0,61773.15181922875,18.641571451865367,,Chicago,403935.69965007127
CUST-2409,28.0,63946.31414811191,7.388103887211748,Bachelor,N/A,328813.7919873795
CUST-2410,40.0,47646.962091313,16.459877822575937,,New York,312516.1124529036
CUST-2411,18.0,53678.542879459004,0.0,,New York,275902.1776561446
CUST-2412,63.0,72315.42299542284,40.3360901650111,Bachelor,Houston,521614.1211783801
CUST-2413,54.0,84077.68874337632,31.72343454694301,Master,New York,553070.8029943148
CUST-2414,38.0,57211.07448638001,15.369248743367757,High School,Houston,322711.81888769194
CUST-2415,43.0,50996.21470297177,19.86753013620155,MASTER,Chicago,369357.4466618815
CUST-2416,63.0,,46.24954280603392,Master,UNKNOWN,547418.9898539648
CUST-2417,53.0,,34.662678123976804, high school ,Los Angeles,577401.8634732998
CUST-2418,71.0,31122.903677329163,53.840735004288526,Master,Chicago,410354.4752275078
CUST-2419,40.0,14076.380937255235,16.554209960888873,Master,Los Angeles,192711.44762024484
CUST-2420,,48989.26301016833,53.14250749982178,High School,Chicago,446363.5642225356
CUST-2421,18.0,35585.75148171683,0.0,Master,Los Angeles,224704.23982536542
CUST-2422,71.0,49837.19604705378,48.608610245605874,Master,New York,495998.9255666623
CUST-2423,72.0,57044.39362365057,49.16374603316685,,Los Angeles,500092.67328214727
CUST-2424,68.0,,49.47916801288312,High School,Los Angeles,510574.6672338034
CUST-2425,57.0,89049.3506894149,35.20754064379648,High School,Houston,585482.7981176228
CUST-2426,32.0,66534.8952920464,13.136758667388033,Master,Chicago,375366.675241009
CUST-2427,,,18.208241779177037,Bachelor,Chicago,420550.7908381929
CUST-2428,,72444.14288086804,47.60727750420958,Master,New York,538236.6129807769
CUST-2429,26.0,37223.33764438462,2.041111553720552,Master,Chicago,238168.9731708911
CUST-2430,70.0,80782.23574840536,51.5184664795736,Bachelor,Los Angeles,596675.7150083738
CUST-2431,26.0,58484.7142692908,7.292881740801455,High School,Phoenix,297808.48968863336
CUST-2432,27.0,73409.61234482424,4.0532423239459305,Master,UNKNOWN,360260.7378133385
CUST-2433,69.0,38562.85533919689,50.01426667294632,Bachelor,New York,446063.149983128
CUST-2434,74.0,28924.824679678713,53.67228992605246,Bachelor,Houston,386759.1967987189
CUST-2435,70.0,,48.54504748009318,,New York,560545.3170533528
CUST-2436,43.0,,20.352129026056,MASTER,Los Angeles,414291.2444285496
CUST-2437,,41958.96891284979,35.56178109710163,Bachelor,Los Angeles,381699.6441321168
CUST-2438,52.0,42606.73837450611,35.09962419157185,Bachelor,New York,345504.8831683834
CUST-2439,,82508.69568829538,48.001365637914965,Master,Chicago,590001.1997852155
CUST-2440,42.0,36211.762142653446,22.56426000306292,Bachelor,New York,346428.11800361885
CUST-2441,43.0,92853.45906511927,20.418201236664892,Bachelor,New York,522081.03440768423
CUST-2442,28.0,41987.585307042624,5.440294107556722,Bachelor,Chicago,239188.9569850368
CUST-2443,55.0,72767.83851216765,36.163969618499884,Master,Chicago,509266.25714027195
CUST-2444,19.0,53427.63048502031,0.0,Master,UNKNOWN,258390.41698833034
CUST-2445,24.0,,2.169572464189457,Master,Chicago,382329.25468920683
CUST-2446,35.0,,14.068054822144465,Master,Chicago,339437.47803795733
CUST-2447,44.0,56744.14187855412,23.222745203680105, high school ,Los Angeles,
CUST-2448,51.0,60818.38350791442,29.641813429967687,Master,New York,408196.20891070925
CUST-2449,44.0,39956.250884370544,23.791639562191847,Bachelor,New York,349039.0533624656
CUST-2450,34.0,74816.48690840251,14.385711511635623,,Los Angeles,428447.7983428011
CUST-2451,60.0,49735.72867056829,40.46927509091866,Master,Chicago,478476.64966174256
CUST-2452,61.0,55428.00169319963,38.02839238266435,High School,Los Angeles,398871.5373282623
CUST-2453,68.0,,46.43168980414241,Bachelor,?,
CUST-2454,71.0,,52.38952572375388,High School,Los Angeles,351023.70622658887
CUST-2455,41.0,56179.44474799662,21.789294375147744,Bachelor,New York,370843.7811054741
CUST-2456,42.0,108252.30843225832,18.25428109703787,Master,New York,599260.8956529101
CUST-2457,24.0,75692.08575796048,3.702959800704403,High School,Houston,395111.0576026938
CUST-2458,69.0,59614.79240531211,44.04354950125038,Bachelor,Chicago,489927.3188555317
CUST-2459,23.0,54742.18341583465,2.093869804120739,Master,Phoenix,279319.63648229983
CUST-2460,70.0,60449.31785624093,52.795534033491954,,New York,526963.1550987749
CUST-2461,,,18.104214565462026,High School,N/A,419367.84570149565
CUST-2462,50.0,36383.743693823104,27.331353909016837,Bachelor,New York,351442.32210426853
CUST-2463,,82286.43389337744,46.52805956314572,bachelor,New York,620400.0820170465
CUST-2464,46.0,74307.62630882488,21.914396969580707,Bachelor,N/A,475393.21510103665
CUST-2465,60.0,74363.7145141587,37.73448994022992,bachelor,New York,558054.4603066568
CUST-2466,39.0,68769.51477619454,19.192882275163505,Master,Chicago,418932.5674882793
CUST-2467,43.0,60392.3331538798,20.731428304621193,High School,New York,379104.6886475002
CUST-2468,,73457.2247193364,23.528060025578057,Bachelor,Chicago,
CUST-2469,67.0,71836.28267482755,47.48837142063007,MASTER,UNKNOWN,566272.9623262294
CUST-2470,38.0,52919.18578117953,17.843092167073124,,Los Angeles,322185.3198072047
CUST-2471,66.0,48527.96454206198,45.533636792590805,Bachelor,Chicago,441470.2254023844
CUST-2472,24.0,62037.125905239736,2.3217554414599224,Master,New York,309229.4168511727
CUST-2473,34.0,90980.40302990374,13.74012223053791,Bachelor,Chicago,554746.0860719059
CUST-2474,37.0,35217.85848692198,15.752534639800487,,Los Angeles,191892.59361220244
CUST-2475,58.0,30649.494684951198,37.91561121985157,MASTER,New York,334179.06670669426
CUST-2476,66.0,63295.216824730334,44.006135949764044, high school ,Los Angeles,
CUST-2477,37.0,,15.634862051240917,Master,New York,380030.5909240757
CUST-2478,71.0,63466.83328740817,48.02008441489597,MASTER,UNKNOWN,
CUST-2479,39.0,64879.06395817001,17.929984779987528,Master,Los Angeles,406741.4000292218
CUST-2480,45.0,,22.37799827274231,Bachelor,New York,367862.4573706825
CUST-2481,,89797.26877204164,33.771907099676014,High School,Los Angeles,534855.5324104927
CUST-2482,66.0,27981.92043046969,45.51732229571078,PhD,Los Angeles,366607.0010001535
CUST-2483,24.0,43430.05950439508,3.4254795517153207, high school ,Chicago,222321.54130986403
CUST-2484,18.0,57934.90479701905,0.0,Bachelor,N/A,267698.6864324531
CUST-2485,49.0,27136.223776916653,27.1377488608498,PhD,Los Angeles,264551.5721791965
CUST-2486,30.0,56482.91191135858,9.816105693673512,,Phoenix,372242.95584772143
CUST-2487,47.0,93229.40331456036,27.101595144547325,Bachelor,Chicago,
CUST-2488,40.0,60417.72976591923,19.88954761566319,Bachelor,New York,396978.6252318361
CUST-2489,,64614.01811437367,45.34869263439572, high school ,Chicago,517189.9788200755
CUST-2490,73.0,34796.70469654839,52.298726964542375,High School,Los Angeles,393550.6915918146
CUST-2491,36.0,47672.77183921045,15.728280592109323,High School,?,
CUST-2492,,,28.014356933815883,Master,?,438348.0365739219
CUST-2493,47.0,53645.698064875316,21.82704468325783,Bachelor,Los Angeles,371203.26566608355
CUST-2494,46.0,85632.87590007538,25.32097924794696,Bachelor,UNKNOWN,470835.9782753495
CUST-2495,66.0,71153.82121450249,49.42506207879448,Bachelor,Houston,584218.6234970327
CUST-2496,62.0,37770.84086125936,40.27992146248604,Master,Los Angeles,408443.5410493765
CUST-2497,46.0,64930.0955686401,23.543845804289358,High School,Chicago,
CUST-2498,47.0,69964.4349699357,26.746697119422798,Master,Los Angeles,469992.15331455285
CUST-2499,33.0,82802.98077042533,12.624756420933144,Bachelor,N/A,471268.33313311584
CUST-2116,42.0,,19.276593859487484,Bachelor,Phoenix,183735.8009483546
CUST-2368,27.0,69527.15538712438,5.7931375514194325,bachelor,New York,338057.1977676265
CUST-1422,,80605.66908063684,28.361505610802464,Master,Los Angeles,506658.89763526316
CUST-1413,,,32.99371754693161,Master,Los Angeles,401421.68709224876
CUST-1451,50.0,67299.2200493245,30.33668097743616,Master,Los Angeles,484255.7083054397
CUST-1861,65.0,81774.97239408371,43.22295844963398,Bachelor,Chicago,574784.547399545
CUST-2063,34.0,,15.499237810593334,Master,Houston,393069.6976783074
CUST-1741,63.0,44864.09822861078,43.501158335043534,High School,Los Angeles,437232.3234731711
CUST-2272,43.0,65074.79322989147,23.147488842008826,Master,Chicago,406163.73581641255
CUST-1259,43.0,45997.583701216536,21.913046100372274,Bachelor,Chicago,5982728.986458606
CUST-1888,28.0,42440.34826486878,6.422902608248591,PhD,N/A,235086.80618781105
CUST-2432,27.0,73409.61234482424,4.0532423239459305,Master,UNKNOWN,360260.7378133385
CUST-1712,,46618.54522680167,46.12698725042081,Bachelor,Los Angeles,471957.05456220155
CUST-2382,35.0,60004.14129836394,15.374131591717832,Bachelor,New York,359253.52961590193
CUST-1070,53.0,80583.11274651287,29.57765614143844,Master,New York,532660.8067041672
